{
  "heapSamples": [
    48691204,
    59505722,
    57693478,
    62021647,
    59632526
  ],
  "trend": [
    59505722,
    57693478,
    62021647,
    59632526
  ],
  "slope": 470858.1,
  "growthRatio": 1.0021309547340673,
  "monotonic": 0.3333333333333333,
  "heapVerdict": "ok"
}