{
  "angular_samples": 96,
  "axis": "x",
  "control_count": 64,
  "fit_policy": {
    "control_sample_ratio": 0.6666666666666666,
    "max_control_sample_ratio": 0.6666666666666666,
    "overfit_guard": "control_count <= floor(angular_samples * 2 / 3)"
  },
  "interfaces": [
    {
      "bbox_delta_m": 0.003946337848901749,
      "centroid_delta_m": 0.0003413580013492887,
      "level": 0.0,
      "ok": false,
      "output_point_count": 1730,
      "radius_delta_m": 0.004228733163869104,
      "source_point_count": 1730
    }
  ],
  "internal_skipped_levels": [],
  "link": "LEFT_TOE",
  "mesh_bytes": 259984,
  "mesh_path": "/Users/shawwalters/eliza-workspace/milady/eliza/packages/robot/vendor/asimov-1/sim-model/assets/meshes/LEFT_TOE.STL",
  "mesh_sha256": "091eab0e25eabcc94c9d966fdf2bc63db25972ddb176a1e1fe8530ebdf84a1e4",
  "nudged_levels": [],
  "output_mesh_bytes": 259984,
  "output_mesh_path": "/Users/shawwalters/eliza-workspace/milady/eliza/packages/robot/cad/asimov-feminine/output/stl/LEFT_TOE.STL",
  "output_mesh_sha256": "3398c5826417a5683083664aff5d67ddbcfd60fa147a36ca03622222b51546cc",
  "rings": [
    {
      "control_count": 64,
      "level": 0.006600098796188831,
      "level_nudge_m": 0.0,
      "loop_index": 0,
      "loop_perimeter_m": 0.20568310502847723,
      "max_error_m": 0.00022280844487726625,
      "ok": true,
      "point_count": 96,
      "rank": 64,
      "rms_error_m": 4.9701038279941646e-05,
      "sampled_level": 0.006600098796188831
    },
    {
      "control_count": 64,
      "level": 0.006600098796188831,
      "level_nudge_m": 0.0,
      "loop_index": 1,
      "loop_perimeter_m": 0.1140801967406331,
      "max_error_m": 0.00018868354253453648,
      "ok": true,
      "point_count": 96,
      "rank": 64,
      "rms_error_m": 3.510504566454254e-05,
      "sampled_level": 0.006600098796188831
    },
    {
      "control_count": 64,
      "level": 0.006600098796188831,
      "level_nudge_m": 0.0,
      "loop_index": 2,
      "loop_perimeter_m": 0.030013354300245623,
      "max_error_m": 3.687768957496961e-05,
      "ok": true,
      "point_count": 96,
      "rank": 64,
      "rms_error_m": 7.276774029590254e-06,
      "sampled_level": 0.006600098796188831
    },
    {
      "control_count": 64,
      "level": 0.006600098796188831,
      "level_nudge_m": 0.0,
      "loop_index": 3,
      "loop_perimeter_m": 0.025541796724897342,
      "max_error_m": 3.587899808514123e-05,
      "ok": true,
      "point_count": 96,
      "rank": 64,
      "rms_error_m": 8.066180441510963e-06,
      "sampled_level": 0.006600098796188831
    },
    {
      "control_count": 64,
      "level": 0.01660009879618883,
      "level_nudge_m": 0.0,
      "loop_index": 0,
      "loop_perimeter_m": 0.20378323083143862,
      "max_error_m": 0.0002991542081576234,
      "ok": true,
      "point_count": 96,
      "rank": 64,
      "rms_error_m": 7.16516449976156e-05,
      "sampled_level": 0.01660009879618883
    },
    {
      "control_count": 64,
      "level": 0.01660009879618883,
      "level_nudge_m": 0.0,
      "loop_index": 1,
      "loop_perimeter_m": 0.18394666630370257,
      "max_error_m": 0.00030324096581201156,
      "ok": true,
      "point_count": 96,
      "rank": 64,
      "rms_error_m": 6.803773804079883e-05,
      "sampled_level": 0.01660009879618883
    },
    {
      "control_count": 64,
      "level": 0.01660009879618883,
      "level_nudge_m": 0.0,
      "loop_index": 2,
      "loop_perimeter_m": 0.029053068610503635,
      "max_error_m": 4.4268775764011945e-05,
      "ok": true,
      "point_count": 96,
      "rank": 64,
      "rms_error_m": 8.897456206779384e-06,
      "sampled_level": 0.01660009879618883
    },
    {
      "control_count": 64,
      "level": 0.02660009879618883,
      "level_nudge_m": 0.0,
      "loop_index": 0,
      "loop_perimeter_m": 0.2433775049223957,
      "max_error_m": 0.00044980388223848835,
      "ok": true,
      "point_count": 96,
      "rank": 64,
      "rms_error_m": 0.00016947559533278864,
      "sampled_level": 0.02660009879618883
    },
    {
      "control_count": 64,
      "level": 0.02660009879618883,
      "level_nudge_m": 0.0,
      "loop_index": 1,
      "loop_perimeter_m": 0.10725161479366654,
      "max_error_m": 0.0002541753559758172,
      "ok": true,
      "point_count": 96,
      "rank": 64,
      "rms_error_m": 6.27345302299242e-05,
      "sampled_level": 0.02660009879618883
    },
    {
      "control_count": 64,
      "level": 0.02660009879618883,
      "level_nudge_m": 0.0,
      "loop_index": 2,
      "loop_perimeter_m": 0.061361273040817635,
      "max_error_m": 8.504484936509289e-05,
      "ok": true,
      "point_count": 96,
      "rank": 64,
      "rms_error_m": 2.199801667572208e-05,
      "sampled_level": 0.02660009879618883
    },
    {
      "control_count": 64,
      "level": 0.02660009879618883,
      "level_nudge_m": 0.0,
      "loop_index": 3,
      "loop_perimeter_m": 0.061066735266131184,
      "max_error_m": 0.00010393039459755175,
      "ok": true,
      "point_count": 96,
      "rank": 64,
      "rms_error_m": 2.4530593987176354e-05,
      "sampled_level": 0.02660009879618883
    },
    {
      "control_count": 64,
      "level": 0.03660009879618883,
      "level_nudge_m": 0.0,
      "loop_index": 0,
      "loop_perimeter_m": 0.19068114357631052,
      "max_error_m": 0.0002125924563043384,
      "ok": true,
      "point_count": 96,
      "rank": 64,
      "rms_error_m": 4.325657264549464e-05,
      "sampled_level": 0.03660009879618883
    },
    {
      "control_count": 64,
      "level": 0.03660009879618883,
      "level_nudge_m": 0.0,
      "loop_index": 1,
      "loop_perimeter_m": 0.1830017413692662,
      "max_error_m": 0.00030610743518965554,
      "ok": true,
      "point_count": 96,
      "rank": 64,
      "rms_error_m": 5.631759781520644e-05,
      "sampled_level": 0.03660009879618883
    },
    {
      "control_count": 64,
      "level": 0.04660009879618882,
      "level_nudge_m": 0.0,
      "loop_index": 0,
      "loop_perimeter_m": 0.1730738749133354,
      "max_error_m": 0.00016252165526782811,
      "ok": true,
      "point_count": 96,
      "rank": 64,
      "rms_error_m": 3.58935772762634e-05,
      "sampled_level": 0.04660009879618882
    },
    {
      "control_count": 64,
      "level": 0.04660009879618882,
      "level_nudge_m": 0.0,
      "loop_index": 1,
      "loop_perimeter_m": 0.16385170921251177,
      "max_error_m": 0.00028396268994379254,
      "ok": true,
      "point_count": 96,
      "rank": 64,
      "rms_error_m": 5.247373289691667e-05,
      "sampled_level": 0.04660009879618882
    },
    {
      "control_count": 64,
      "level": 0.056600098796188825,
      "level_nudge_m": 0.0,
      "loop_index": 0,
      "loop_perimeter_m": 0.1469611612672623,
      "max_error_m": 0.00013768287767898253,
      "ok": true,
      "point_count": 96,
      "rank": 64,
      "rms_error_m": 3.8283472416327824e-05,
      "sampled_level": 0.056600098796188825
    },
    {
      "control_count": 64,
      "level": 0.056600098796188825,
      "level_nudge_m": 0.0,
      "loop_index": 1,
      "loop_perimeter_m": 0.13940621155334207,
      "max_error_m": 0.00020089472994564447,
      "ok": true,
      "point_count": 96,
      "rank": 64,
      "rms_error_m": 4.367534225684222e-05,
      "sampled_level": 0.056600098796188825
    },
    {
      "control_count": 64,
      "level": 0.06660009879618882,
      "level_nudge_m": 0.0,
      "loop_index": 0,
      "loop_perimeter_m": 0.09922416977101577,
      "max_error_m": 6.283497984304367e-05,
      "ok": true,
      "point_count": 96,
      "rank": 64,
      "rms_error_m": 2.0227903537964514e-05,
      "sampled_level": 0.06660009879618882
    }
  ],
  "schema": "asimov-1-spline-fit-proof-v1",
  "section_method": "plane_loops",
  "skipped_levels": [],
  "slab_m": 0.004,
  "source_topology": {
    "boundary_edges": 10,
    "degenerate_faces": 0,
    "largest_manifold_component_faces": 3385,