{
  "angular_samples": 96,
  "axis": "x",
  "control_count": 64,
  "fit_policy": {
    "control_sample_ratio": 0.6666666666666666,
    "max_control_sample_ratio": 0.6666666666666666,
    "overfit_guard": "control_count <= floor(angular_samples * 2 / 3)"
  },
  "interfaces": [
    {
      "bbox_delta_m": 0.003946337848901749,
      "centroid_delta_m": 0.0005202538794426845,
      "level": 0.0,
      "ok": false,
      "output_point_count": 1654,
      "radius_delta_m": 0.004409221399351029,
      "source_point_count": 1654
    }
  ],
  "internal_skipped_levels": [],
  "link": "RIGHT_TOE",
  "mesh_bytes": 262084,
  "mesh_path": "/Users/shawwalters/eliza-workspace/milady/eliza/packages/robot/vendor/asimov-1/sim-model/assets/meshes/RIGHT_TOE.STL",
  "mesh_sha256": "bccbd2aa1803c6fe4f954c881c4e0152ff268c564df2ad35d7c52fb693c1ccce",
  "nudged_levels": [],
  "output_mesh_bytes": 262084,
  "output_mesh_path": "/Users/shawwalters/eliza-workspace/milady/eliza/packages/robot/cad/asimov-feminine/output/stl/RIGHT_TOE.STL",
  "output_mesh_sha256": "04446b95b3f3d970cbc66fbdee134842f229d08a3749214976aa176ae99e5ff1",
  "rings": [
    {
      "control_count": 64,
      "level": 0.006600098796188831,
      "level_nudge_m": 0.0,
      "loop_index": 0,
      "loop_perimeter_m": 0.20568373947568702,
      "max_error_m": 0.0003078193475623206,
      "ok": true,
      "point_count": 96,
      "rank": 64,
      "rms_error_m": 6.932799906453997e-05,
      "sampled_level": 0.006600098796188831
    },
    {
      "control_count": 64,
      "level": 0.006600098796188831,
      "level_nudge_m": 0.0,
      "loop_index": 1,
      "loop_perimeter_m": 0.11408155300722558,
      "max_error_m": 0.000150923881665136,
      "ok": true,
      "point_count": 96,
      "rank": 64,
      "rms_error_m": 3.3131153295244234e-05,
      "sampled_level": 0.006600098796188831
    },
    {
      "control_count": 64,
      "level": 0.006600098796188831,
      "level_nudge_m": 0.0,
      "loop_index": 2,
      "loop_perimeter_m": 0.030009691705499362,
      "max_error_m": 2.8807049401452906e-05,
      "ok": true,
      "point_count": 96,
      "rank": 64,
      "rms_error_m": 7.187098674778351e-06,
      "sampled_level": 0.006600098796188831
    },
    {
      "control_count": 64,
      "level": 0.006600098796188831,
      "level_nudge_m": 0.0,
      "loop_index": 3,
      "loop_perimeter_m": 0.025540420608448928,
      "max_error_m": 4.6214316073799907e-05,
      "ok": true,
      "point_count": 96,
      "rank": 64,
      "rms_error_m": 8.216478360253675e-06,
      "sampled_level": 0.006600098796188831
    },
    {
      "control_count": 64,
      "level": 0.01660009879618883,
      "level_nudge_m": 0.0,
      "loop_index": 0,
      "loop_perimeter_m": 0.20378413623446828,
      "max_error_m": 0.00029223326988304764,
      "ok": true,
      "point_count": 96,
      "rank": 64,
      "rms_error_m": 6.086759227807474e-05,
      "sampled_level": 0.01660009879618883
    },
    {
      "control_count": 64,
      "level": 0.01660009879618883,
      "level_nudge_m": 0.0,
      "loop_index": 1,
      "loop_perimeter_m": 0.18394800502804218,
      "max_error_m": 0.00027454662334424864,
      "ok": true,
      "point_count": 96,
      "rank": 64,
      "rms_error_m": 6.961605913741161e-05,
      "sampled_level": 0.01660009879618883
    },
    {
      "control_count": 64,
      "level": 0.01660009879618883,
      "level_nudge_m": 0.0,
      "loop_index": 2,
      "loop_perimeter_m": 0.029054700405136358,
      "max_error_m": 2.821518951597058e-05,
      "ok": true,
      "point_count": 96,
      "rank": 64,
      "rms_error_m": 6.4512176048979295e-06,
      "sampled_level": 0.01660009879618883
    },
    {
      "control_count": 64,
      "level": 0.02660009879618883,
      "level_nudge_m": 0.0,
      "loop_index": 0,
      "loop_perimeter_m": 0.24337049586680173,
      "max_error_m": 0.000582143975688327,
      "ok": true,
      "point_count": 96,
      "rank": 64,
      "rms_error_m": 0.0001693942530899995,
      "sampled_level": 0.02660009879618883
    },
    {
      "control_count": 64,
      "level": 0.02660009879618883,
      "level_nudge_m": 0.0,
      "loop_index": 1,
      "loop_perimeter_m": 0.10725161479394169,
      "max_error_m": 0.00025335894205681886,
      "ok": true,
      "point_count": 96,
      "rank": 64,
      "rms_error_m": 6.21027427478718e-05,
      "sampled_level": 0.02660009879618883
    },
    {
      "control_count": 64,
      "level": 0.02660009879618883,
      "level_nudge_m": 0.0,
      "loop_index": 2,
      "loop_perimeter_m": 0.06136122865501844,
      "max_error_m": 3.847619973810424e-05,
      "ok": true,
      "point_count": 96,
      "rank": 64,
      "rms_error_m": 1.2974315221532043e-05,
      "sampled_level": 0.02660009879618883
    },
    {
      "control_count": 64,
      "level": 0.02660009879618883,
      "level_nudge_m": 0.0,
      "loop_index": 3,
      "loop_perimeter_m": 0.061069592712344106,
      "max_error_m": 9.119471696493518e-05,
      "ok": true,
      "point_count": 96,
      "rank": 64,
      "rms_error_m": 1.9370675434081206e-05,
      "sampled_level": 0.02660009879618883
    },
    {
      "control_count": 64,
      "level": 0.03660009879618883,
      "level_nudge_m": 0.0,
      "loop_index": 0,
      "loop_perimeter_m": 0.1906799162747499,
      "max_error_m": 0.00015211591943309553,
      "ok": true,
      "point_count": 96,
      "rank": 64,
      "rms_error_m": 4.0813382229585355e-05,
      "sampled_level": 0.03660009879618883
    },
    {
      "control_count": 64,
      "level": 0.03660009879618883,
      "level_nudge_m": 0.0,
      "loop_index": 1,
      "loop_perimeter_m": 0.18303615875680546,
      "max_error_m": 0.0003592673523803752,
      "ok": true,
      "point_count": 96,
      "rank": 64,
      "rms_error_m": 8.492018514028457e-05,
      "sampled_level": 0.03660009879618883
    },
    {
      "control_count": 64,
      "level": 0.04660009879618882,
      "level_nudge_m": 0.0,
      "loop_index": 0,
      "loop_perimeter_m": 0.17308045753820278,
      "max_error_m": 0.00019737880114335015,
      "ok": true,
      "point_count": 96,
      "rank": 64,
      "rms_error_m": 4.3725039566471145e-05,
      "sampled_level": 0.04660009879618882
    },
    {
      "control_count": 64,
      "level": 0.04660009879618882,
      "level_nudge_m": 0.0,
      "loop_index": 1,
      "loop_perimeter_m": 0.16382717788751697,
      "max_error_m": 0.0001959345672396173,
      "ok": true,
      "point_count": 96,
      "rank": 64,
      "rms_error_m": 4.832085631990059e-05,
      "sampled_level": 0.04660009879618882
    },
    {
      "control_count": 64,
      "level": 0.056600098796188825,
      "level_nudge_m": 0.0,
      "loop_index": 0,
      "loop_perimeter_m": 0.14696191322351324,
      "max_error_m": 0.00019816540167007473,
      "ok": true,
      "point_count": 96,
      "rank": 64,
      "rms_error_m": 5.0863710652874855e-05,
      "sampled_level": 0.056600098796188825
    },
    {
      "control_count": 64,
      "level": 0.056600098796188825,
      "level_nudge_m": 0.0,
      "loop_index": 1,
      "loop_perimeter_m": 0.13938028308399802,
      "max_error_m": 0.00013097533649972207,
      "ok": true,
      "point_count": 96,
      "rank": 64,
      "rms_error_m": 3.531015279282576e-05,
      "sampled_level": 0.056600098796188825
    },
    {
      "control_count": 64,
      "level": 0.06660009879618882,
      "level_nudge_m": 0.0,
      "loop_index": 0,
      "loop_perimeter_m": 0.09922507753722921,
      "max_error_m": 8.374860328226945e-05,
      "ok": true,
      "point_count": 96,
      "rank": 64,
      "rms_error_m": 2.2659855307674157e-05,
      "sampled_level": 0.06660009879618882
    },
    {
      "control_count": 64,
      "level": 0.06660009879618882,
      "level_nudge_m": 0.0,
      "loop_index": 1,
      "loop_perimeter_m": 0.08859732079340309,
      "max_error_m": 9.012626786340417e-05,
      "ok": true,