{
  "method": "direct_least_squares_sysid",
  "fits": {
    "head_pan": {
      "name": "head_pan",
      "strength": 0.00013601659171049246,
      "offset": -0.011311668580230312,
      "rmse": 0.0004102246981667937,
      "n_samples": 5
    },
    "head_tilt": {
      "name": "head_tilt",
      "strength": -0.0030122314720891926,
      "offset": -0.019924232434526686,
      "rmse": 0.00043397959690757407,
      "n_samples": 5
    },
    "r_sho_pitch": {
      "name": "r_sho_pitch",
      "strength": -0.0010261885834353481,
      "offset": 0.021397834406815346,
      "rmse": 0.00019771660175293894,
      "n_samples": 5
    },
    "r_sho_roll": {
      "name": "r_sho_roll",
      "strength": -0.025934021655190185,
      "offset": 1.3909980729843183,
      "rmse": 0.000914282187660024,
      "n_samples": 5
    },
    "r_el_pitch": {
      "name": "r_el_pitch",
      "strength": -0.0026096738947955075,
      "offset": 0.10299661512135921,
      "rmse": 0.00012572911985446572,
      "n_samples": 5
    },
    "r_el_yaw": {
      "name": "r_el_yaw",
      "strength": -0.023792820750244408,
      "offset": 1.21172008607653,
      "rmse": 0.000790422200046295,
      "n_samples": 5
    },
    "r_gripper": {
      "name": "r_gripper",
      "strength": -0.0006719561590563116,
      "offset": 0.023153928554533618,
      "rmse": 0.00019798446422767728,
      "n_samples": 5
    },
    "l_sho_pitch": {
      "name": "l_sho_pitch",
      "strength": -0.0007454961505246942,
      "offset": 0.015174020581613882,
      "rmse": 0.0001962653713272235,
      "n_samples": 5
    },
    "l_sho_roll": {
      "name": "l_sho_roll",
      "strength": 0.021462022276749423,
      "offset": -1.3901585137032264,
      "rmse": 0.0013021598619435278,
      "n_samples": 5
    },
    "l_el_pitch": {
      "name": "l_el_pitch",
      "strength": -0.0006565562229253192,
      "offset": -0.13479014637454154,
      "rmse": 0.00026995725237380364,
      "n_samples": 5
    },
    "l_el_yaw": {
      "name": "l_el_yaw",
      "strength": 0.017930392980036316,
      "offset": -1.2187764526614866,
      "rmse": 0.0011887285639732672,
      "n_samples": 5
    },
    "l_gripper": {
      "name": "l_gripper",
      "strength": -0.0005913050213385144,
      "offset": 0.009708092341046755,
      "rmse": 0.00020007735437185147,
      "n_samples": 5
    }
  },
  "baseline_rms_total_rad": 0.01673986760554555,
  "final_rms_total_rad": 0.0,
  "reduction_pct": 100.0,
  "offset_recovery_err_mrad": 454.2218711790615,
  "strength_recovery_err": 1.043887442159658,
  "truth_offsets_rad": {
    "head_pan": -0.0065465287071483184,
    "head_tilt": -0.01754702861659296,
    "r_sho_pitch": 0.026090518156952007,
    "r_sho_roll": -0.0074386609266322784,
    "r_el_pitch": 0.0049345444419030314,
    "r_el_yaw": -0.0038785881821088598,
    "r_gripper": 0.023752093182031832,
    "l_sho_pitch": 0.019805414806227585,
    "l_sho_roll": 0.009500289342373729,
    "l_el_pitch": -0.03305264820969976,
    "l_el_yaw": 0.0007804346138982975,
    "l_gripper": 0.010255292861648016
  },
  "truth_strengths": {
    "head_pan": 0.9542319973407163,
    "head_tilt": 0.9909270456415061,
    "r_sho_pitch": 1.054878282904293,
    "r_sho_roll": 1.1045401801654533,
    "r_el_pitch": 0.9118654127527116,
    "r_el_yaw": 1.1059746642317343,
    "r_gripper": 1.0942112796647614,
    "l_sho_pitch": 1.05469179804903,
    "l_sho_roll": 1.0185118941230513,
    "l_el_pitch": 0.97802540298245,
    "l_el_yaw": 1.1020614478475872,
    "l_gripper": 1.1372180821514974
  }
}