{
  "accepted": false,
  "adjustable_parameters": {
    "global_scale_xyz": [
      1.0,
      1.0,
      1.0
    ],
    "keep_source_bbox_normalization": true,
    "locked_interface_levels_m": [],
    "minimum_plate_thickness_m": null,
    "per_ring_center_offset_xyz_m": [
      [
        0.0,
        0.0,
        0.0
      ],
      [
        0.0,
        0.0,
        0.0
      ],
      [
        0.0,
        0.0,
        0.0
      ],
      [
        0.0,
        0.0,
        0.0
      ],
      [
        0.0,
        0.0,
        0.0
      ]
    ],
    "per_ring_radial_scale": [
      1.0,
      1.0,
      1.0,
      1.0,
      1.0
    ],
    "wall_thickness_m": 0.0012
  },
  "control_axis": "x",
  "control_bbox_extent_m": [
    0.151763454079628,
    0.0968388170003891,
    0.06608647108078003
  ],
  "control_bbox_max_m": [
    0.1033211201429367,
    0.05114307627081871,
    0.03208647295832634
  ],
  "control_bbox_min_m": [
    -0.048442333936691284,
    -0.04569574072957039,
    -0.03399999812245369
  ],
  "control_points_per_ring": 16,
  "control_ring_count": 5,
  "control_rings": [
    [
      [
        -0.048442333936691284,
        0.02181902862240455,
        -0.0028051808670938004
      ],
      [
        -0.048442333936691284,
        0.021455158159604443,
        -0.0012380053038365188
      ],
      [
        -0.048442333936691284,
        0.021030059058221084,
        0.0005420002889969244
      ],
      [
        -0.048442333936691284,
        0.020319856832230088,
        0.003515810231650117
      ],
      [
        -0.048442333936691284,
        0.01776892299384626,
        0.012670234198813447
      ],
      [
        -0.048442333936691284,
        0.01046236911486459,
        0.015299821048909278
      ],
      [
        -0.048442333936691284,
        0.014302837161180845,
        0.0007523576579707147
      ],
      [
        -0.048442333936691284,
        0.014964260331728874,
        -0.0016127993207182972
      ],
      [
        -0.048442333936691284,
        0.015248296439280135,
        -0.0028051808670938004
      ],
      [
        -0.048442333936691284,
        0.015432328045735355,
        -0.0037985668935538487
      ],
      [
        -0.048442333936691284,
        0.015668052347397723,
        -0.004961482996279812
      ],
      [
        -0.048442333936691284,
        0.01608392454339267,
        -0.0069804597576911855
      ],
      [
        -0.048442333936691284,
        0.01776892299384626,
        -0.023038125854881762
      ],
      [
        -0.048442333936691284,
        0.023334506104984915,
        -0.016596209382014327
      ],
      [
        -0.048442333936691284,
        0.02262758187542288,
        -0.007792035488078088
      ],
      [
        -0.048442333936691284,
        0.02213066584784283,
        -0.004659543518042462
      ]
    ],
    [
      [
        -0.010501470416784286,
        0.04265786722798652,
        -0.028526323722499167
      ],
      [
        -0.010501470416784286,
        0.01869919949245076,
        -0.023038125854881762
      ],
      [
        -0.010501470416784286,
        0.011137238026971127,
        -0.023038125854881762
      ],
      [
        -0.010501470416784286,
        0.008004971029826745,
        -0.023038125854881762
      ],
      [
        -0.010501470416784286,
        0.005790123795659123,
        -0.023038125854881762
      ],
      [
        -0.010501470416784286,
        0.0035752765614915014,
        -0.023038125854881762
      ],
      [
        -0.010501470416784286,
        0.0004430095643471049,
        -0.023038125854881762
      ],
      [
        -0.010501470416784286,
        -0.007118951901132521,
        -0.023038125854881762
      ],
      [
        -0.010501470416784286,
        -0.03107711783749761,
        -0.028526323722499164
      ],
      [
        -0.010501470416784286,
        -0.007084790497341627,
        -0.03399999812245369
      ],
      [
        -0.010501470416784286,
        0.00045715968110699584,
        -0.03399999812245369
      ],
      [
        -0.010501470416784286,
        0.0035811377317626,
        -0.03399999812245369
      ],
      [
        -0.010501470416784286,
        0.005790123795659123,
        -0.03399999812245369
      ],
      [
        -0.010501470416784286,
        0.007999109859555618,
        -0.03399999812245369
      ],
      [
        -0.010501470416784286,
        0.01112308791021123,
        -0.03399999812245369
      ],
      [
        -0.010501470416784286,
        0.01866503808865984,
        -0.03399999812245369
      ]
    ],
    [
      [
        0.02743939310312271,
        0.013984127368390942,
        -0.0014557194306303034
      ],
      [
        0.02743939310312271,
        0.014702517479531677,
        0.004632197776322379
      ],
      [
        0.02743939310312271,
        0.0125769181380129,
        0.01106012956599741
      ],
      [
        0.02743939310312271,
        0.007475969468143363,
        0.016120507982926052
      ],
      [
        0.02743939310312271,
        0.0003828107276921053,
        0.018068943068195058
      ],
      [
        0.02743939310312271,
        -0.006710347962408797,
        0.016120507858162242
      ],
      [
        0.02743939310312271,
        -0.01181129555565781,
        0.011060128409291395
      ],
      [
        0.02743939310312271,
        -0.013936894189431955,
        0.004632196996306674
      ],
      [
        0.02743939310312271,
        -0.013218505964491915,
        -0.0014557194306302965
      ],
      [
        0.02743939310312271,
        -0.015212983650180867,
        -0.0080861558351294
      ],
      [
        0.02743939310312271,
        -0.019909358881369823,
        -0.022283298038476562
      ],
      [
        0.02743939310312271,
        -0.003456635285890179,
        -0.01096953108296913
      ],
      [
        0.02743939310312271,
        0.0003828107276920914,
        -0.011477630695064814
      ],
      [
        0.02743939310312271,
        0.00422225690300871,
        -0.010969531483732697
      ],
      [
        0.02743939310312271,
        0.02067498021080126,
        -0.02228329790920055
      ],
      [
        0.02743939310312271,
        0.01597860508444067,
        -0.00808615582614854
      ]
    ],
    [
      [
        0.06538025662302971,
        0.05114307627081871,
        -0.028538676464587166
      ],
      [
        0.06538025662302971,
        0.023707135201820106,
        -0.023038125854881762
      ],
      [
        0.06538025662302971,
        0.016128153402541347,
        -0.023038125854881762
      ],
      [
        0.06538025662302971,
        0.01298883635230124,
        -0.023038125854881762
      ],
      [
        0.06538025662302971,
        0.010769003977781917,
        -0.023038125854881762
      ],
      [
        0.06538025662302971,
        0.008549171603262594,
        -0.023038125854881762
      ],
      [
        0.06538025662302971,
        0.0054098545530225015,
        -0.023038125854881762
      ],
      [
        0.06538025662302971,
        -0.0021691272462562514,
        -0.023038125854881762
      ],
      [
        0.06538025662302971,
        -0.026147645930816168,
        -0.028538676464587163
      ],
      [
        0.06538025662302971,
        -0.0020768547879722876,
        -0.03399999812245369
      ],
      [
        0.06538025662302971,
        0.005448075056677222,
        -0.03399999812245369
      ],
      [
        0.06538025662302971,
        0.00856500305423711,
        -0.03399999812245369
      ],
      [
        0.06538025662302971,
        0.010769003977781917,
        -0.03399999812245369
      ],
      [
        0.06538025662302971,
        0.012973004901326725,
        -0.03399999812245369
      ],
      [
        0.06538025662302971,
        0.016089932898886626,
        -0.03399999812245369
      ],
      [
        0.06538025662302971,
        0.023614862743536108,
        -0.03399999812245369
      ]
    ],
    [
      [
