{
  "yaw_before_rad": 0.0,
  "yaw_after_rad": -2.700347292657097,
  "yaw_delta_deg": -154.7185030888298,
  "mean_pixel_diff": 44.927216796875,
  "changed_pixel_pct": 99.99674479166667,
  "yaw_rate_command_rad_s": -8.0,
  "duration_s": 2.5,
  "image_shape": [
    480,
    640,
    3
  ]
}