{"text": " at least a local voice mode.", "segments": [{"id": 0, "seek": 0, "start": 0.0, "end": 1.0, "text": " at least a local voice mode.", "tokens": [50363, 379, 1551, 257, 1957, 3809, 4235, 13, 50413], "temperature": 0.0, "avg_logprob": -0.6275712490081787, "compression_ratio": 0.7777777777777778, "no_speech_prob": 0.15210282802581787}], "language": "en"}