{
  "maxRetained": 4,
  "memorySamples": [
    4900086, 5050310, 5149750, 5175858, 5206030, 5245430, 5271826, 5295410,
    5308970, 5370766, 5387606, 5392930, 5415586, 5433002, 5439250, 5442974,
    5448250, 5466378, 5469622, 5482246, 5490666, 5522954, 5535890, 5539542
  ],
  "memorySummary": {
    "sampleCount": 24,
    "firstBytes": 4900086,
    "lastBytes": 5539542,
    "minBytes": 4900086,
    "maxBytes": 5539542,
    "meanBytes": 5351722.166666667,
    "slopeBytesPerCycle": 21460.84347826087,
    "growthRatio": 1.1304989341003402,
    "netGrowthBytes": 639456,
    "monotonicIncreaseRatio": 1
  },
  "memoryReport": {
    "leaking": false,
    "reasons": [],
    "summary": {
      "sampleCount": 24,
      "firstBytes": 4900086,
      "lastBytes": 5539542,
      "minBytes": 4900086,
      "maxBytes": 5539542,
      "meanBytes": 5351722.166666667,
      "slopeBytesPerCycle": 21460.84347826087,
      "growthRatio": 1.1304989341003402,
      "netGrowthBytes": 639456,
      "monotonicIncreaseRatio": 1
    }
  },
  "renderStormEvents": 1,
  "finalTelemetry": [
    {
      "viewId": "epsilon",
      "phase": "active",
      "reason": "show",
      "renderCount": 1,
      "lastCommitMs": 0.09999996423721313,
      "commitDurationP95Ms": 0.09999996423721313,
      "jsHeapUsedSize": 7513492,
      "activeSubscriptions": 1,
      "pendingTimers": 1,
      "heavyResources": {
        "webgl": 0,
        "audio": 0,
        "video": 0
      },
      "at": 1782766466109,
      "route": "/private/tmp/eliza-10202/packages/ui/src/components/views/__e2e__/output-view-lifecycle/view-lifecycle.html"
    },
    {
      "viewId": "delta",
      "phase": "inactive",
      "reason": "hide",
      "renderCount": 3,
      "lastCommitMs": 0,
      "commitDurationP95Ms": 0.09999996423721313,
      "jsHeapUsedSize": 7514620,
      "activeSubscriptions": 1,
      "pendingTimers": 1,
      "heavyResources": {
        "webgl": 0,
        "audio": 0,
        "video": 0
      },
      "at": 1782766466109,
      "route": "/private/tmp/eliza-10202/packages/ui/src/components/views/__e2e__/output-view-lifecycle/view-lifecycle.html"
    },
    {
      "viewId": "delta",
      "phase": "paused",
      "reason": "pause",
      "renderCount": 3,
      "lastCommitMs": 0,
      "commitDurationP95Ms": 0.09999996423721313,
      "jsHeapUsedSize": 7515532,
      "activeSubscriptions": 1,
      "pendingTimers": 1,
      "heavyResources": {
        "webgl": 0,
        "audio": 0,
        "video": 0
      },
      "at": 1782766466109,
      "route": "/private/tmp/eliza-10202/packages/ui/src/components/views/__e2e__/output-view-lifecycle/view-lifecycle.html"
    },
    {
      "viewId": "alpha",
      "phase": "evicted",
      "reason": "evict",
      "renderCount": 13,
      "lastCommitMs": 0,
      "commitDurationP95Ms": 0.10000002384185791,
      "jsHeapUsedSize": 7519656,
      "activeSubscriptions": 1,
      "pendingTimers": 0,
      "heavyResources": {
        "webgl": 0,
        "audio": 0,
        "video": 0
      },
      "at": 1782766466109,
      "route": "/private/tmp/eliza-10202/packages/ui/src/components/views/__e2e__/output-view-lifecycle/view-lifecycle.html"
    },
    {
      "viewId": "zeta",
      "phase": "active",
      "reason": "show",
      "renderCount": 1,
      "lastCommitMs": 0.09999996423721313,
      "commitDurationP95Ms": 0.09999996423721313,
      "jsHeapUsedSize": 7823708,
      "activeSubscriptions": 1,
      "pendingTimers": 1,
      "heavyResources": {
        "webgl": 0,
        "audio": 0,
        "video": 0
      },
      "at": 1782766466171,
      "route": "/private/tmp/eliza-10202/packages/ui/src/components/views/__e2e__/output-view-lifecycle/view-lifecycle.html"
    },
    {
      "viewId": "epsilon",
      "phase": "inactive",
      "reason": "hide",
      "renderCount": 3,
      "lastCommitMs": 0,
      "commitDurationP95Ms": 0.09999996423721313,
      "jsHeapUsedSize": 7824836,
      "activeSubscriptions": 1,
      "pendingTimers": 1,
      "heavyResources": {
        "webgl": 0,
        "audio": 0,
        "video": 0
      },
      "at": 1782766466171,
      "route": "/private/tmp/eliza-10202/packages/ui/src/components/views/__e2e__/output-view-lifecycle/view-lifecycle.html"
    },
    {
      "viewId": "epsilon",
      "phase": "paused",
      "reason": "pause",
      "renderCount": 3,
      "lastCommitMs": 0,
      "commitDurationP95Ms": 0.09999996423721313,
      "jsHeapUsedSize": 7825748,
      "activeSubscriptions": 1,
      "pendingTimers": 1,
      "heavyResources": {
        "webgl": 0,
        "audio": 0,
        "video": 0
      },
      "at": 1782766466171,
      "route": "/private/tmp/eliza-10202/packages/ui/src/components/views/__e2e__/output-view-lifecycle/view-lifecycle.html"
    },
    {
      "viewId": "beta",
      "phase": "evicted",
      "reason": "evict",
      "renderCount": 13,
      "lastCommitMs": 0,
      "commitDurationP95Ms": 0.19999998807907104,
      "jsHeapUsedSize": 7828596,
      "activeSubscriptions": 1,
      "pendingTimers": 0,
      "heavyResources": {
        "webgl": 0,
        "audio": 0,
        "video": 0
      },
      "at": 1782766466171,
      "route": "/private/tmp/eliza-10202/packages/ui/src/components/views/__e2e__/output-view-lifecycle/view-lifecycle.html"
    },
    {
      "viewId": "storm",
      "phase": "active",
      "reason": "show",
      "renderCount": 1,
      "lastCommitMs": 0.10000002384185791,
      "commitDurationP95Ms": 0.10000002384185791,
      "jsHeapUsedSize": 8140465,
      "activeSubscriptions": 0,
      "pendingTimers": 0,
      "heavyResources": {
        "webgl": 0,
        "audio": 0,
        "video": 0
      },
      "at": 1782766466235,
      "route": "/private/tmp/eliza-10202/packages/ui/src/components/views/__e2e__/output-view-lifecycle/view-lifecycle.html"
    },
    {
      "viewId": "zeta",
      "phase": "inactive",
      "reason": "hide",
      "renderCount": 3,
      "lastCommitMs": 0,
      "commitDurationP95Ms": 0.09999996423721313,
      "jsHeapUsedSize": 8141709,
      "activeSubscriptions": 1,
      "pendingTimers": 1,
      "heavyResources": {
        "webgl": 0,
        "audio": 0,
        "video": 0
      },
      "at": 1782766466235,
      "route": "/private/tmp/eliza-10202/packages/ui/src/components/views/__e2e__/output-view-lifecycle/view-lifecycle.html"
    },
    {
      "viewId": "zeta",
      "phase": "paused",
      "reason": "pause",
      "renderCount": 3,
      "lastCommitMs": 0,
      "commitDurationP95Ms": 0.09999996423721313,
      "jsHeapUsedSize": 8142629,
      "activeSubscriptions": 1,
      "pendingTimers": 1,
      "heavyResources": {
        "webgl": 0,
        "audio": 0,
        "video": 0
      },
      "at": 1782766466235,
      "route": "/private/tmp/eliza-10202/packages/ui/src/components/views/__e2e__/output-view-lifecycle/view-lifecycle.html"
    },
    {
      "viewId": "gamma",
      "phase": "evicted",
      "reason": "evict",
      "renderCount": 9,
      "lastCommitMs": 0,
      "commitDurationP95Ms": 0.19999998807907104,
      "jsHeapUsedSize": 8145453,
      "activeSubscriptions": 1,
      "pendingTimers": 0,
      "heavyResources": {
        "webgl": 0,
        "audio": 0,
        "video": 0
      },
      "at": 1782766466235,
      "route": "/private/tmp/eliza-10202/packages/ui/src/components/views/__e2e__/output-view-lifecycle/view-lifecycle.html"
    },
    {
      "viewId": "leaky",
      "phase": "active",
      "reason": "show",
      "renderCount": 1,
      "lastCommitMs": 0.10000002384185791,
      "commitDurationP95Ms": 0.10000002384185791,
      "jsHeapUsedSize": 6048854,
      "activeSubscriptions": 1,
      "pendingTimers": 0,
      "heavyResources": {
        "webgl": 0,
        "audio": 0,
        "video": 0
      },
      "at": 1782766467154,
      "route": "/private/tmp/eliza-10202/packages/ui/src/components/views/__e2e__/output-view-lifecycle/view-lifecycle.html"
    },
    {
      "viewId": "storm",