{
  "kernel": "qjl",
  "head_dim": 128,
  "proj_dim": 256,
  "n_heads": 1,
  "n_kv_heads": 1,
  "n_tokens": 8,
  "block_bytes": 34,
  "q_sketch": [12.53517,-7.395212,-0.5920717,4.942903,-8.29403,-10.34094,18.07066,-3.78106,-8.502164,7.627601,11.46354,23.12276,-5.131405,2.454795,3.374064,-13.85019,-18.18785,-9.106602,-6.202604,8.211444,-10.97304,2.285336,3.579978,-21.48404,9.410739,17.78482,-0.1832654,-4.42843,-1.417844,-14.01022,-9.910263,2.108873,-15.68255,8.422459,3.173001,-3.39141,-11.72825,4.006929,-17.08348,26.87773,12.98958,-3.201175,-18.19101,-12.84605,1.802892,5.964444,7.534614,1.09742,-0.736141,8.019539,6.639756,3.093464,17.41968,0.5626231,-13.06857,-1.295663,14.83441,3.31286,-8.078626,-18.39371,-1.506612,5.575902,-2.705531,3.431382,-4.241411,6.761462,-1.573094,-2.527586,7.566463,11.95176,-2.755765,10.4034,15.86126,-11.25498,0.4232079,-8.87461,28.95447,11.73843,-2.750429,5.653629,9.451887,-4.28342,8.592665,-11.05256,-21.35464,-8.743214,-11.98206,-1.153815,-10.90126,-17.85466,-4.643551,5.954301,13.5034,-16.84094,8.755665,0.8112619,9.268517,4.110297,-8.967725,-18.04978,18.26579,10.34375,-39.81679,-4.580944,-7.709538,6.920861,4.839103,9.689539,1.618709,5.473464,-9.534797,15.21209,1.539251,-2.138965,-4.147019,19.62273,-10.93491,-7.134396,22.52326,22.9545,2.527486,-14.38975,-13.70246,11.15924,4.007051,-3.138405,12.35986,-16.54085,-14.05022,6.272619,20.50936,5.690528,11.49332,16.97211,-7.193892,-7.384515,-3.863407,5.075292,3.674561,-10.01773,2.119637,8.302051,-11.19123,-1.148931,-11.68968,-9.452336,-7.221533,8.797631,5.860024,-8.462078,1.439205,12.09474,16.66643,-2.103582,1.573238,-1.069495,-6.501548,29.20748,-16.57382,-6.770392,14.48367,-6.605149,18.15748,-9.300762,-1.530934,-14.51355,1.668844,-1.17073,0.3759623,-0.4967957,8.57138,-20.27172,15.15441,-1.911333,-10.60872,-0.7668932,-10.92199,-28.15366,-17.22953,27.59112,-17.16247,2.722354,-2.365263,-28.43931,-4.817442,6.726092,-9.284767,-7.599154,-16.07902,14.85557,7.638783,-6.668996,-4.514509,7.165238,7.817399,-21.61832,-3.201186,5.339367,17.17061,4.882959,18.35185,15.9096,24.06466,2.013512,-3.448242,15.40689,5.914289,19.93783,-11.79416,-6.214303,-6.589607,-7.514695,-8.915626,-0.3759454,-4.310429,12.64971,-6.928619,-0.7160765,22.56843,10.00997,8.911623,-15.17383,21.18362,-9.859159,11.54668,-8.152088,9.547214,0.2742691,-1.035092,-3.185798,-3.562365,-7.566758,0.7179744,-5.523936,17.44056,-2.457763,13.02884,0.4773687,-2.543907,3.101117,0.8125266,-12.53463,25.0957,-4.354155,-11.96233,19.55932,3.800174,-5.880244,14.65808,31.76281,-21.24303,-0.255653,-1.366138,-3.188983,-5.995558,-0.09503323],
  "k_blocks": [129,226,8,91,122,243,159,234,200,177,32,207,112,225,246,91,108,118,67,29,7,58,90,141,230,59,94,70,98,232,228,35,25,65,181,201,9,102,99,164,6,253,53,61,172,27,192,186,156,45,139,248,245,152,130,122,77,187,65,105,67,57,88,173,162,173,43,65,148,201,142,180,133,104,103,88,60,29,253,7,143,53,10,77,22,150,76,68,23,77,90,56,12,37,121,26,44,17,55,52,56,65,142,39,36,168,115,47,221,252,64,183,73,86,80,242,147,54,34,40,162,158,49,74,239,119,55,123,183,11,85,25,230,41,71,65,45,129,234,252,48,12,250,105,223,75,53,75,225,199,24,0,254,201,218,193,196,213,111,129,125,91,212,136,94,61,47,115,30,65,244,157,202,227,128,46,190,106,189,199,56,255,206,228,132,131,1,181,236,197,65,36,215,191,26,152,66,185,146,249,82,212,64,65,149,97,24,254,134,75,44,156,189,93,141,41,177,140,228,127,31,174,64,95,67,97,90,231,51,16,74,138,212,94,190,243,68,65,134,64,165,51,127,26,221,188,3,254,15,79,133,185,115,89,136,95,162,9,119,174,14,31,114,2,131,163,18,188,149,106,47,65],
  "expected_scores": [23.81622,-9.135838,-5.964729,-9.196582,-1.185193,-37.26863,19.24195,-8.468412]
}
