{
  "kernel": "turbo4",
  "head_dim": 128,
  "n_kv": 8,
  "block_bytes": 66,
  "blocks_per_kv": 1,
  "q": [1.59684,0.9589773,-0.1278389,-0.4112229,-2.220757,0.3105203,-1.664271,-0.7622379,-0.2076902,-0.2021453,0.4761767,0.0779006,1.213591,-0.4222747,0.2773018,-1.299632,1.192325,-0.2607425,1.299408,-0.01033101,-0.7005113,0.2026991,-1.626953,-1.438705,-1.196945,0.009656314,-0.8613182,0.3543024,-0.05760651,-0.950264,0.1210688,-1.106037,0.2172153,-0.3587008,-1.586789,-0.903128,0.9316423,0.7486563,-1.351384,-1.045828,1.102001,-2.380342,-0.1778617,0.9347783,0.9627966,-0.0981097,-2.402043,1.449159,-2.476854,0.2973318,-0.09982495,1.21618,-1.389566,-3.501561,-0.1642201,1.432305,-0.08809461,-0.6816038,0.3870505,1.240552,-0.5969194,1.203353,-0.03179784,-0.7989659,0.08151003,1.477605,0.9547415,0.2311492,0.4517452,-0.3951495,-0.3724532,-1.206304,-0.2776317,0.6983386,0.5712526,-0.2344818,3.618774,1.421818,-0.1104581,0.9748195,-0.3848811,1.816449,-0.2443857,0.3920752,-0.6907163,0.6861622,-0.1211663,-0.6471037,1.592279,1.013896,-0.1359068,-0.08460201,1.852106,-0.09404024,-0.09515872,0.6276494,0.6972576,2.000849,-1.163556,0.2732701,-0.5328068,0.8266871,-0.981216,0.577551,0.5956758,0.5992346,-1.582813,0.1147445,-0.9285405,1.939418,-0.7571769,1.28324,-0.736102,-0.8752558,0.1728729,0.2094709,-1.184182,1.444054,-0.1587978,1.210771,2.076784,0.9383581,0.5356165,1.058653,1.748779,0.1677978,0.8111583,-0.8344299],
  "k_blocks": [148,73,44,210,100,69,152,58,168,89,103,151,180,107,154,115,43,91,172,158,149,90,150,89,84,91,10,70,81,138,122,132,141,218,138,86,172,104,205,119,40,121,165,194,77,229,139,151,216,136,167,162,150,103,80,196,120,157,52,120,87,185,87,57,225,157,227,73,28,106,124,165,171,6,60,232,184,130,202,92,120,133,31,88,183,93,97,172,101,71,155,136,151,147,171,146,44,156,183,72,153,214,123,121,148,158,59,167,198,105,140,197,173,115,167,164,141,121,141,48,217,49,41,108,89,166,180,88,116,87,103,137,227,73,138,95,136,164,58,22,86,151,188,214,120,42,71,81,57,218,100,130,82,172,181,82,38,137,130,103,154,34,104,165,221,91,142,146,85,138,115,181,91,170,184,26,89,190,113,56,119,120,117,168,149,100,117,150,133,144,71,119,118,102,98,18,105,59,86,73,173,71,166,85,169,52,234,139,42,152,71,151,146,107,72,137,164,171,125,226,151,172,184,135,117,213,201,87,216,117,139,73,117,55,66,185,14,167,43,73,184,182,131,181,157,178,172,168,238,99,154,114,87,185,229,87,99,55,82,97,29,36,83,71,85,73,74,69,38,152,214,229,206,174,133,59,117,72,116,154,66,151,39,132,138,117,140,181,234,175,150,205,54,88,149,200,168,251,193,200,120,138,181,216,203,121,84,124,179,181,170,177,103,60,91,152,150,167,96,98,121,137,43,150,134,214,54,187,75,152,89,74,131,118,86,99,89,120,91,188,176,20,105,134,172,48,34,252,8,103,72,167,99,89,101,14,120,137,69,181,99,197,161,133,202,124,148,171,73,71,136,167,85,92,121,136,86,103,139,138,122,55,149,67,121,184,117,46,70,93,118,139,122,70,142,59,150,73,100,69,162,215,216,68,185,148,155,90,70,97,70,96,168,234,147,75,115,89,173,89,156,139,135,201,71,33,90,197,133,75,150,85,102,47,229,232,219,75,82,233,150,88,55,103,136,197,188,120,98,232,103,164,58,118,140,161,201,103,143,138,123,152,187,73,182,153,183,53,11,123,168,166,132,121,56,87,123,123,73,93,101,43,154,59,93,204,116,193,130,106,118,50,217,163,202,98,150,102,87,106,174,183,100,51,34,122,34,49,39,120,150,197,36,141,184,135,192,216,106,86,57,52,150,69,68,53,86,76],
  "expected_scores": [-3.863514,1.274447,-3.540301,16.73348,22.91474,1.222142,25.17064,-1.841461]
}
