{
  "overall_accuracy": 0.8333333333333334,
  "total_tasks": 12,
  "passed_tasks": 10,
  "failed_tasks": 2,
  "avg_semantic_similarity": 0.8333333333333334,
  "lost_in_middle_score": 0.0,
  "context_degradation_rate": 0.0,
  "avg_latency_ms": 3527.0724495251975,
  "total_duration_ms": 42402.88996696472,
  "position_heatmap": [
    [
      0.5,
      1.0
    ],
    [
      1.0,
      1.0
    ],
    [
      1.0,
      0.5
    ]
  ],
  "position_heatmap_lengths": [
    1024,
    4096
  ],
  "position_heatmap_positions": [
    "start",
    "middle",
    "end"
  ],
  "position_accuracies": {
    "start": {
      "accuracy": 0.75,
      "total_tasks": 4
    },
    "middle": {
      "accuracy": 1.0,
      "total_tasks": 4
    },
    "end": {
      "accuracy": 0.75,
      "total_tasks": 4
    }
  },
  "length_accuracies": {
    "1024": {
      "accuracy": 0.8333333333333334,
      "total_tasks": 6
    },
    "4096": {
      "accuracy": 0.8333333333333334,
      "total_tasks": 6
    }
  },
  "multi_hop_success_rates": {},
  "comparison_to_leaderboard": {
    "gpt-4-turbo": {
      "overall_diff": -0.07666666666666666,
      "lost_in_middle_diff": 0.12,
      "niah_4k_diff": -0.1466666666666666
    },
    "gpt-4o": {
      "overall_diff": -0.10666666666666658,
      "lost_in_middle_diff": 0.08,
      "niah_4k_diff": -0.15666666666666662
    },
    "claude-3-opus": {
      "overall_diff": -0.11666666666666659,
      "lost_in_middle_diff": 0.05,
      "niah_4k_diff": -0.15666666666666662
    },
    "claude-3-sonnet": {
      "overall_diff": -0.046666666666666634,
      "lost_in_middle_diff": 0.15,
      "niah_4k_diff": -0.1466666666666666
    },
    "llama-3.1-70b": {
      "overall_diff": 0.033333333333333326,
      "lost_in_middle_diff": 0.22,
      "niah_4k_diff": -0.11666666666666659
    },
    "mistral-large": {
      "overall_diff": 0.07333333333333336,
      "lost_in_middle_diff": 0.25,
      "niah_4k_diff": -0.10666666666666658
    }
  },
  "summary": {
    "status": "good",
    "overall_accuracy": "83.3%",
    "findings": [
      "Moderate retrieval accuracy (70-85%)",
      "Performance below Claude-3-Opus (-11.7%)"
    ],
    "recommendations": []
  },
  "metadata": {
    "timestamp": "2026-01-12T00:03:41.192808",
    "seed": 42,
    "total_duration_ms": 42402.88996696472
  }
}