{
  "angular_samples": 96,
  "axis": "z",
  "control_count": 64,
  "fit_policy": {
    "control_sample_ratio": 0.6666666666666666,
    "max_control_sample_ratio": 0.6666666666666666,
    "overfit_guard": "control_count <= floor(angular_samples * 2 / 3)"
  },
  "interface_footprint_levels": [],
  "interfaces": [
    {
      "bbox_delta_m": 3.457651473581791e-05,
      "centroid_delta_m": 1.728825739299424e-05,
      "level": -0.052,
      "ok": true,
      "output_point_count": 2928,
      "radius_delta_m": 2.5454582640346834e-05,
      "source_point_count": 3117
    },
    {
      "bbox_delta_m": 3.081187605857849e-05,
      "centroid_delta_m": 1.5405938038117162e-05,
      "level": 0.0,
      "ok": true,
      "output_point_count": 3418,
      "radius_delta_m": 1.4827469379169456e-05,
      "source_point_count": 3535
    }
  ],
  "internal_skipped_levels": [],
  "link": "LEFT_HIP_ROLL",
  "mesh_bytes": 332684,
  "mesh_path": "/Users/shawwalters/eliza-workspace/milady/eliza/packages/robot/vendor/asimov-1/sim-model/assets/meshes/LEFT_HIP_ROLL.STL",
  "mesh_sha256": "7bd909211765b2a133354677bc6ee09a38f290d8afab0e325b419ff9db79a12c",
  "nudged_levels": [
    -0.04200000002980232
  ],
  "output_mesh_bytes": 332684,
  "output_mesh_path": "/Users/shawwalters/eliza-workspace/milady/eliza/packages/robot/cad/asimov-feminine/output/stl/LEFT_HIP_ROLL.STL",
  "output_mesh_sha256": "a25a90c087e950df3d03ae26e83ef95c15e1bff70be243b61a29489c0ba13dae",
  "rings": [
    {
      "closed_loop_ok": true,
      "closure_gap_m": 0.0,
      "control_count": 64,
      "fitted_area_m2": 0.001986538816357452,
      "fitted_min_segment_m": 0.0016334290635510273,
      "fitted_perimeter_m": 0.16982982431037946,
      "level": -0.052000000029802325,
      "level_nudge_m": 0.0,
      "loop_index": 0,
      "loop_perimeter_m": 0.17047203213491818,
      "max_error_m": 9.784944205320364e-05,
      "nondegenerate_loop_ok": true,
      "ok": true,
      "point_count": 96,
      "rank": 64,
      "rms_error_m": 2.3952792095284007e-05,
      "sampled_level": -0.052000000029802325
    },
    {
      "closed_loop_ok": true,
      "closure_gap_m": 0.0,
      "control_count": 64,
      "fitted_area_m2": 4.800021779011701e-05,
      "fitted_min_segment_m": 0.0002529841135763185,
      "fitted_perimeter_m": 0.02480401852444708,
      "level": -0.052000000029802325,
      "level_nudge_m": 0.0,
      "loop_index": 1,
      "loop_perimeter_m": 0.024846631393521477,
      "max_error_m": 1.5876053196352154e-05,
      "nondegenerate_loop_ok": true,
      "ok": true,
      "point_count": 96,
      "rank": 64,
      "rms_error_m": 7.877110495273153e-06,
      "sampled_level": -0.052000000029802325
    },
    {
      "closed_loop_ok": true,
      "closure_gap_m": 0.0,
      "control_count": 64,
      "fitted_area_m2": 1.3867562561938842e-05,
      "fitted_min_segment_m": 0.00013597898174327156,
      "fitted_perimeter_m": 0.013332159153078803,
      "level": -0.052000000029802325,
      "level_nudge_m": 0.0,
      "loop_index": 2,
      "loop_perimeter_m": 0.013355064343659637,
      "max_error_m": 8.533335124190142e-06,
      "nondegenerate_loop_ok": true,
      "ok": true,
      "point_count": 96,
      "rank": 64,
      "rms_error_m": 4.233914727883063e-06,
      "sampled_level": -0.052000000029802325
    },
    {
      "closed_loop_ok": true,
      "closure_gap_m": 0.0,
      "control_count": 64,
      "fitted_area_m2": 1.3867558066250202e-05,
      "fitted_min_segment_m": 0.00013597889620624315,
      "fitted_perimeter_m": 0.013332157078383922,
      "level": -0.052000000029802325,
      "level_nudge_m": 0.0,
      "loop_index": 3,
      "loop_perimeter_m": 0.013355062174263016,
      "max_error_m": 8.533356958173706e-06,
      "nondegenerate_loop_ok": true,
      "ok": true,
      "point_count": 96,
      "rank": 64,
      "rms_error_m": 4.233906072857375e-06,
      "sampled_level": -0.052000000029802325
    },
    {
      "closed_loop_ok": true,
      "closure_gap_m": 0.0,
      "control_count": 64,
      "fitted_area_m2": 1.3867558063544033e-05,
      "fitted_min_segment_m": 0.00013597890503210653,
      "fitted_perimeter_m": 0.013332157071667704,
      "level": -0.052000000029802325,
      "level_nudge_m": 0.0,
      "loop_index": 4,
      "loop_perimeter_m": 0.013355062174263016,
      "max_error_m": 8.533345628820719e-06,
      "nondegenerate_loop_ok": true,
      "ok": true,
      "point_count": 96,
      "rank": 64,
      "rms_error_m": 4.233905725625023e-06,
      "sampled_level": -0.052000000029802325
    },
    {
      "closed_loop_ok": true,
      "closure_gap_m": 0.0,
      "control_count": 64,
      "fitted_area_m2": 1.3867558055113277e-05,
      "fitted_min_segment_m": 0.00013597889093317243,
      "fitted_perimeter_m": 0.013332157047586425,
      "level": -0.052000000029802325,
      "level_nudge_m": 0.0,
      "loop_index": 5,
      "loop_perimeter_m": 0.013355062174263015,
      "max_error_m": 8.533365926976353e-06,
      "nondegenerate_loop_ok": true,
      "ok": true,
      "point_count": 96,
      "rank": 64,
      "rms_error_m": 4.233905115936184e-06,
      "sampled_level": -0.052000000029802325
    },
    {
      "closed_loop_ok": true,
      "closure_gap_m": 0.0,
      "control_count": 64,
      "fitted_area_m2": 1.3867558057835058e-05,
      "fitted_min_segment_m": 0.00013597890155794286,
      "fitted_perimeter_m": 0.013332157054302692,
      "level": -0.052000000029802325,
      "level_nudge_m": 0.0,
      "loop_index": 6,
      "loop_perimeter_m": 0.013355062174263015,
      "max_error_m": 8.53335692993145e-06,
      "nondegenerate_loop_ok": true,
      "ok": true,
      "point_count": 96,
      "rank": 64,
      "rms_error_m": 4.233905463171295e-06,
      "sampled_level": -0.052000000029802325
    },
    {
      "closed_loop_ok": true,
      "closure_gap_m": 0.0,
      "control_count": 64,
      "fitted_area_m2": 0.0019865388236434793,
      "fitted_min_segment_m": 0.0016334290778717549,
      "fitted_perimeter_m": 0.16982982465687124,
      "level": -0.052,
      "level_nudge_m": 0.0,
      "loop_index": 0,
      "loop_perimeter_m": 0.17047203245443357,
      "max_error_m": 9.784942412627451e-05,
      "nondegenerate_loop_ok": true,
      "ok": true,
      "point_count": 96,
      "rank": 64,
      "rms_error_m": 2.395278997332428e-05,
      "sampled_level": -0.052
    },
    {
      "closed_loop_ok": true,
      "closure_gap_m": 0.0,
      "control_count": 64,
      "fitted_area_m2": 4.80002177636371e-05,
      "fitted_min_segment_m": 0.0002529841131915203,
      "fitted_perimeter_m": 0.024804018514554146,
      "level": -0.052,
      "level_nudge_m": 0.0,
      "loop_index": 1,
      "loop_perimeter_m": 0.024846631387399908,
      "max_error_m": 1.587605360197116e-05,
      "nondegenerate_loop_ok": true,
      "ok": true,
      "point_count": 96,
      "rank": 64,
      "rms_error_m": 7.877110302774978e-06,
      "sampled_level": -0.052
    },
    {
      "closed_loop_ok": true,
      "closure_gap_m": 0.0,
      "control_count": 64,
      "fitted_area_m2": 1.3867562560217666e-05,
      "fitted_min_segment_m": 0.00013597898161302164,
      "fitted_perimeter_m": 0.013332159151798147,
      "level": -0.052,
      "level_nudge_m": 0.0,
      "loop_index": 2,
      "loop_perimeter_m": 0.013355064342919026,
      "max_error_m": 8.53333558884713e-06,
      "nondegenerate_loop_ok": true,
      "ok": true,
      "point_count": 96,
      "rank": 64,
      "rms_error_m": 4.2339147161032455e-06,
      "sampled_level": -0.052
    },
    {
      "closed_loop_ok": true,
      "closure_gap_m": 0.0,
      "control_count": 64,
      "fitted_area_m2": 1.3867558064607419e-05,
      "fitted_min_segment_m": 0.0001359788960083482,
      "fitted_perimeter_m": 0.013332157077255873,
      "level": -0.052,
      "level_nudge_m": 0.0,
      "loop_index": 3,
      "loop_perimeter_m": 0.013355062173522404,
      "max_error_m": 8.533357419597204e-06,
      "nondegenerate_loop_ok": true,