{
  "angular_samples": 96,
  "axis": "z",
  "control_count": 64,
  "fit_policy": {
    "control_sample_ratio": 0.6666666666666666,
    "max_control_sample_ratio": 0.6666666666666666,
    "overfit_guard": "control_count <= floor(angular_samples * 2 / 3)"
  },
  "interface_footprint_levels": [],
  "interfaces": [
    {
      "bbox_delta_m": 0.0007615480571985245,
      "centroid_delta_m": 6.580298251520205e-05,
      "level": 0.0,
      "ok": true,
      "output_point_count": 3156,
      "radius_delta_m": 0.000675679309584086,
      "source_point_count": 3454
    }
  ],
  "internal_skipped_levels": [],
  "link": "LEFT_WRIST_YAW",
  "mesh_bytes": 160484,
  "mesh_path": "/Users/shawwalters/eliza-workspace/milady/eliza/packages/robot/vendor/asimov-1/sim-model/assets/meshes/LEFT_WRIST_YAW.STL",
  "mesh_sha256": "966dd01e04b12fb5f5d46720d8fd82a094f3f8a8404f643c9b9c5b0c01018c38",
  "nudged_levels": [],
  "output_mesh_bytes": 160484,
  "output_mesh_path": "/Users/shawwalters/eliza-workspace/milady/eliza/packages/robot/cad/asimov-feminine/output/stl/LEFT_WRIST_YAW.STL",
  "output_mesh_sha256": "0afc00835b827164b739f642e01d0b1f5639c0f766ff23a056017d2307b603dd",
  "rings": [
    {
      "closed_loop_ok": true,
      "closure_gap_m": 0.0,
      "control_count": 64,
      "fitted_area_m2": 0.0001147353489322739,
      "fitted_min_segment_m": 0.0006421411629396506,
      "fitted_perimeter_m": 0.0731311610081212,
      "level": -0.018374460637569427,
      "level_nudge_m": 0.0,
      "loop_index": 0,
      "loop_perimeter_m": 0.07386295779873302,
      "max_error_m": 6.55793781008987e-05,
      "nondegenerate_loop_ok": true,
      "ok": true,
      "point_count": 96,
      "rank": 64,
      "rms_error_m": 1.7951522012917082e-05,
      "sampled_level": -0.018374460637569427
    },
    {
      "closed_loop_ok": true,
      "closure_gap_m": 0.0,
      "control_count": 64,
      "fitted_area_m2": 0.00014750247157121487,
      "fitted_min_segment_m": 0.0007143414116941992,
      "fitted_perimeter_m": 0.09329249710090665,
      "level": -0.008374460637569426,
      "level_nudge_m": 0.0,
      "loop_index": 0,
      "loop_perimeter_m": 0.0954604950909884,
      "max_error_m": 0.0002147820438799633,
      "nondegenerate_loop_ok": true,
      "ok": true,
      "point_count": 96,
      "rank": 64,
      "rms_error_m": 5.9306139644454885e-05,
      "sampled_level": -0.008374460637569426
    },
    {
      "closed_loop_ok": true,
      "closure_gap_m": 0.0,
      "control_count": 64,
      "fitted_area_m2": 8.010646615587213e-05,
      "fitted_min_segment_m": 0.00038064228883239674,
      "fitted_perimeter_m": 0.06461081730539274,
      "level": -0.008374460637569426,
      "level_nudge_m": 0.0,
      "loop_index": 1,
      "loop_perimeter_m": 0.06556276203316252,
      "max_error_m": 7.499957132327002e-05,
      "nondegenerate_loop_ok": true,
      "ok": true,
      "point_count": 96,
      "rank": 64,
      "rms_error_m": 2.2280020073636123e-05,
      "sampled_level": -0.008374460637569426
    },
    {
      "closed_loop_ok": true,
      "closure_gap_m": 0.0,
      "control_count": 64,
      "fitted_area_m2": 0.0001619283598893644,
      "fitted_min_segment_m": 0.0008050509845805724,
      "fitted_perimeter_m": 0.11148515082472735,
      "level": 0.0,
      "level_nudge_m": 0.0,
      "loop_index": 0,
      "loop_perimeter_m": 0.11425456914961997,
      "max_error_m": 0.00018137310786837485,
      "nondegenerate_loop_ok": true,
      "ok": true,
      "point_count": 96,
      "rank": 64,
      "rms_error_m": 5.952618242332359e-05,
      "sampled_level": 0.0
    },
    {
      "closed_loop_ok": true,
      "closure_gap_m": 0.0,
      "control_count": 64,
      "fitted_area_m2": 7.836167222136613e-05,
      "fitted_min_segment_m": 0.0004786514230707519,
      "fitted_perimeter_m": 0.06981625333411055,
      "level": 0.0,
      "level_nudge_m": 0.0,
      "loop_index": 1,
      "loop_perimeter_m": 0.07173050538502014,
      "max_error_m": 0.0001842007231933873,
      "nondegenerate_loop_ok": true,
      "ok": true,
      "point_count": 96,
      "rank": 64,
      "rms_error_m": 4.185061424929017e-05,
      "sampled_level": 0.0
    },
    {
      "closed_loop_ok": true,
      "closure_gap_m": 0.0,
      "control_count": 64,
      "fitted_area_m2": 0.0002701542910804036,
      "fitted_min_segment_m": 0.0001722037004282005,
      "fitted_perimeter_m": 0.1753072075835358,
      "level": 0.001625539362430574,
      "level_nudge_m": 0.0,
      "loop_index": 0,
      "loop_perimeter_m": 0.18369174966861773,
      "max_error_m": 0.0004078107938565016,
      "nondegenerate_loop_ok": true,
      "ok": true,
      "point_count": 96,
      "rank": 64,
      "rms_error_m": 0.0001115491940463398,
      "sampled_level": 0.001625539362430574
    },
    {
      "closed_loop_ok": true,
      "closure_gap_m": 0.0,
      "control_count": 64,
      "fitted_area_m2": 0.00010027337902435293,
      "fitted_min_segment_m": 0.00036291679907901527,
      "fitted_perimeter_m": 0.07124392306241506,
      "level": 0.011625539362430572,
      "level_nudge_m": 0.0,
      "loop_index": 0,
      "loop_perimeter_m": 0.07218376433031805,
      "max_error_m": 6.399129666492027e-05,
      "nondegenerate_loop_ok": true,
      "ok": true,
      "point_count": 96,
      "rank": 64,
      "rms_error_m": 1.8088437271598508e-05,
      "sampled_level": 0.011625539362430572
    }
  ],
  "schema": "asimov-1-spline-fit-proof-v1",
  "section_method": "plane_loops",
  "skipped_levels": [],
  "slab_m": 0.004,
  "source_topology": {
    "boundary_edges": 0,
    "degenerate_faces": 0,
    "largest_manifold_component_faces": 3208,
    "manifold_component_count": 1,
    "nonmanifold_edges": 0,
    "ok": true,
    "triangle_count": 3208,
    "unique_vertex_count": 1586,
    "watertight": true
  },
  "step_m": 0.01,
  "summary": {
    "controlled_loft_sections": 7,
    "controlled_loft_triangles": 0,
    "failure_reasons": [],
    "fitted_span_m": 0.03,
    "interface_footprint_levels": 0,
    "interfaces_checked": 1,
    "interfaces_ok": 1,
    "internal_rings_skipped": 0,
    "levels_checked": 5,
    "max_closure_gap_m": 0.0,
    "max_error_m": 0.0004078107938565016,
    "max_interface_bbox_delta_m": 0.0007615480571985245,
    "max_interface_centroid_delta_m": 6.580298251520205e-05,
    "max_interface_radius_delta_m": 0.000675679309584086,
    "max_rms_error_m": 0.0001115491940463398,
    "min_fitted_ring_area_m2": 7.836167222136613e-05,
    "min_fitted_ring_perimeter_m": 0.06461081730539274,
    "min_section_span_ratio": 0.3333333333333333,
    "nudged_levels": 0,
    "ok": true,
    "output_boundary_edges": 0,
    "output_largest_manifold_component_faces": 3208,
    "output_manifold_component_count": 1,
    "output_nonmanifold_edges": 0,
    "output_watertight": true,
    "rings_closed": 7,
    "rings_fit": 7,
    "rings_nondegenerate": 7,
    "rings_skipped": 0,
    "sampled_span_m": 0.03,
    "section_coverage_ok": true,
    "section_span_ratio": 1.0,
    "source_boundary_edges": 0,
    "source_largest_manifold_component_faces": 3208,
    "source_manifold_component_count": 1,
    "source_nonmanifold_edges": 0,
    "source_watertight": true,
    "surface_symmetric_chamfer_rms_m": 0.0009298508630728513,
    "surface_symmetric_hausdorff_m": 0.004155321478778076
  },
  "surface_distance": {
    "ok": true,
    "output_sample_count": 5000,
    "output_to_source_max_m": 0.003257848212296882,
    "output_to_source_rms_m": 0.0008140928018001704,
    "source_sample_count": 5000,
    "source_to_output_max_m": 0.004155321478778076,
    "source_to_output_rms_m": 0.001032713980331341,
    "symmetric_chamfer_rms_m": 0.0009298508630728513,
    "symmetric_hausdorff_m": 0.004155321478778076
  },
  "tolerances": {
    "interface_tolerance_m": 0.003,
    "max_error_m": 0.006,
    "min_fitted_ring_area_m2": 1e-08,
    "min_fitted_ring_perimeter_m": 0.0001,
    "min_loop_perimeter_m": 0.005,
    "rms_error_m": 0.002,
    "section_nudge_m": 1e-07,