{
  "angular_samples": 96,
  "axis": "z",
  "control_count": 64,
  "fit_policy": {
    "control_sample_ratio": 0.6666666666666666,
    "max_control_sample_ratio": 0.6666666666666666,
    "overfit_guard": "control_count <= floor(angular_samples * 2 / 3)"
  },
  "interfaces": [
    {
      "bbox_delta_m": 0.00012393109500408173,
      "centroid_delta_m": 1.671046530667628e-06,
      "level": -0.01,
      "ok": true,
      "output_point_count": 2522,
      "radius_delta_m": 1.511682373861456e-06,
      "source_point_count": 2522
    },
    {
      "bbox_delta_m": 0.00012583844363689423,
      "centroid_delta_m": 1.546186534024653e-06,
      "level": 0.0,
      "ok": true,
      "output_point_count": 3945,
      "radius_delta_m": 0.00014569923633380236,
      "source_point_count": 3945
    }
  ],
  "internal_skipped_levels": [],
  "link": "LEFT_ANKLE_A",
  "mesh_bytes": 221184,
  "mesh_path": "/Users/shawwalters/eliza-workspace/milady/eliza/packages/robot/vendor/asimov-1/sim-model/assets/meshes/LEFT_ANKLE_A.STL",
  "mesh_sha256": "00dd23a465b135d15ef991b46bb314bf801c0b03c7aada1db8d1f9e17d9568a2",
  "nudged_levels": [
    -0.027999992370605468
  ],
  "output_mesh_bytes": 221184,
  "output_mesh_path": "/Users/shawwalters/eliza-workspace/milady/eliza/packages/robot/cad/asimov-feminine/output/stl/LEFT_ANKLE_A.STL",
  "output_mesh_sha256": "17d8b9afb206ed1121a398b26809e2e5b565cd63f45512bf55b3656e32b700ee",
  "rings": [
    {
      "control_count": 64,
      "level": -0.027999992370605468,
      "level_nudge_m": 1e-07,
      "loop_index": 0,
      "loop_perimeter_m": 0.11251283832374767,
      "max_error_m": 0.0001291839925927413,
      "ok": true,
      "point_count": 96,
      "rank": 64,
      "rms_error_m": 3.736840372913454e-05,
      "sampled_level": -0.02799989237060547
    },
    {
      "control_count": 64,
      "level": -0.01799999237060547,
      "level_nudge_m": 0.0,
      "loop_index": 0,
      "loop_perimeter_m": 0.09518834871978085,
      "max_error_m": 3.3171986850714154e-05,
      "ok": true,
      "point_count": 96,
      "rank": 64,
      "rms_error_m": 9.676407546071592e-06,
      "sampled_level": -0.01799999237060547
    },
    {
      "control_count": 64,
      "level": -0.00799999237060547,
      "level_nudge_m": 0.0,
      "loop_index": 0,
      "loop_perimeter_m": 0.1305581001161317,
      "max_error_m": 0.0002257560250304577,
      "ok": true,
      "point_count": 96,
      "rank": 64,
      "rms_error_m": 7.458950698984853e-05,
      "sampled_level": -0.00799999237060547
    },
    {
      "control_count": 64,
      "level": 0.0020000076293945276,
      "level_nudge_m": 0.0,
      "loop_index": 0,
      "loop_perimeter_m": 0.16538944867741548,
      "max_error_m": 0.0003735565945049557,
      "ok": true,
      "point_count": 96,
      "rank": 64,
      "rms_error_m": 0.00011231749948568829,
      "sampled_level": 0.0020000076293945276
    },
    {
      "control_count": 64,
      "level": 0.012000007629394526,
      "level_nudge_m": 0.0,
      "loop_index": 0,
      "loop_perimeter_m": 0.11212801561382034,
      "max_error_m": 1.2793374531293677e-05,
      "ok": true,
      "point_count": 96,
      "rank": 64,
      "rms_error_m": 4.560412736096193e-06,
      "sampled_level": 0.012000007629394526
    }
  ],
  "schema": "asimov-1-spline-fit-proof-v1",
  "section_method": "plane_loops",
  "skipped_levels": [],
  "slab_m": 0.004,
  "source_topology": {
    "boundary_edges": 0,
    "degenerate_faces": 0,
    "largest_manifold_component_faces": 4422,
    "manifold_component_count": 1,
    "nonmanifold_edges": 0,
    "ok": true,
    "triangle_count": 4422,
    "unique_vertex_count": 2213,
    "watertight": true
  },
  "step_m": 0.01,
  "summary": {
    "failure_reasons": [],
    "fitted_span_m": 0.039999999999999994,
    "interfaces_checked": 2,
    "interfaces_ok": 2,
    "internal_rings_skipped": 0,
    "levels_checked": 5,
    "max_error_m": 0.0003735565945049557,
    "max_interface_bbox_delta_m": 0.00012583844363689423,
    "max_interface_centroid_delta_m": 1.671046530667628e-06,
    "max_interface_radius_delta_m": 0.00014569923633380236,
    "max_rms_error_m": 0.00011231749948568829,
    "min_section_span_ratio": 0.3333333333333333,
    "nudged_levels": 1,
    "ok": true,
    "output_boundary_edges": 0,
    "output_largest_manifold_component_faces": 4422,
    "output_manifold_component_count": 1,
    "output_nonmanifold_edges": 0,
    "output_watertight": true,
    "rings_fit": 5,
    "rings_skipped": 0,
    "sampled_span_m": 0.039999999999999994,
    "section_coverage_ok": true,
    "section_span_ratio": 1.0,
    "source_boundary_edges": 0,
    "source_largest_manifold_component_faces": 4422,
    "source_manifold_component_count": 1,
    "source_nonmanifold_edges": 0,
    "source_watertight": true,
    "surface_symmetric_chamfer_rms_m": 0.000488008844095317,
    "surface_symmetric_hausdorff_m": 0.0017848601603884962
  },
  "surface_distance": {
    "ok": true,
    "output_sample_count": 5000,
    "output_to_source_max_m": 0.0017848601603884962,
    "output_to_source_rms_m": 0.0004778079367493522,
    "source_sample_count": 5000,
    "source_to_output_max_m": 0.0017603865388796337,
    "source_to_output_rms_m": 0.0004980008427802325,
    "symmetric_chamfer_rms_m": 0.000488008844095317,
    "symmetric_hausdorff_m": 0.0017848601603884962
  },
  "tolerances": {
    "interface_tolerance_m": 0.003,
    "max_error_m": 0.006,
    "min_loop_perimeter_m": 0.005,
    "rms_error_m": 0.002,
    "section_nudge_m": 1e-07,
    "surface_distance_tolerance_m": 0.02,
    "topology_merge_tolerance_m": 1e-06
  },
  "topology": {
    "boundary_edges": 0,
    "degenerate_faces": 0,
    "largest_manifold_component_faces": 4422,
    "manifold_component_count": 1,
    "nonmanifold_edges": 0,
    "ok": true,
    "triangle_count": 4422,
    "unique_vertex_count": 2213,
    "watertight": true
  }
}
