{
  "angular_samples": 96,
  "axis": "z",
  "control_count": 64,
  "fit_policy": {
    "control_sample_ratio": 0.6666666666666666,
    "max_control_sample_ratio": 0.6666666666666666,
    "overfit_guard": "control_count <= floor(angular_samples * 2 / 3)"
  },
  "interfaces": [
    {
      "bbox_delta_m": 0.0007615480571985245,
      "centroid_delta_m": 0.00013955647122505693,
      "level": 0.0,
      "ok": true,
      "output_point_count": 3156,
      "radius_delta_m": 0.0006824630495884665,
      "source_point_count": 3156
    }
  ],
  "internal_skipped_levels": [],
  "link": "LEFT_WRIST_YAW",
  "mesh_bytes": 160484,
  "mesh_path": "/Users/shawwalters/eliza-workspace/milady/eliza/packages/robot/vendor/asimov-1/sim-model/assets/meshes/LEFT_WRIST_YAW.STL",
  "mesh_sha256": "966dd01e04b12fb5f5d46720d8fd82a094f3f8a8404f643c9b9c5b0c01018c38",
  "nudged_levels": [],
  "output_mesh_bytes": 160484,
  "output_mesh_path": "/Users/shawwalters/eliza-workspace/milady/eliza/packages/robot/cad/asimov-feminine/output/stl/LEFT_WRIST_YAW.STL",
  "output_mesh_sha256": "0afc00835b827164b739f642e01d0b1f5639c0f766ff23a056017d2307b603dd",
  "rings": [
    {
      "control_count": 64,
      "level": -0.018374460637569427,
      "level_nudge_m": 0.0,
      "loop_index": 0,
      "loop_perimeter_m": 0.07386295779873302,
      "max_error_m": 6.557937810090706e-05,
      "ok": true,
      "point_count": 96,
      "rank": 64,
      "rms_error_m": 1.79515220129171e-05,
      "sampled_level": -0.018374460637569427
    },
    {
      "control_count": 64,
      "level": -0.008374460637569426,
      "level_nudge_m": 0.0,
      "loop_index": 0,
      "loop_perimeter_m": 0.0954604950909884,
      "max_error_m": 0.00021478204387994905,
      "ok": true,
      "point_count": 96,
      "rank": 64,
      "rms_error_m": 5.930613964445475e-05,
      "sampled_level": -0.008374460637569426
    },
    {
      "control_count": 64,
      "level": -0.008374460637569426,
      "level_nudge_m": 0.0,
      "loop_index": 1,
      "loop_perimeter_m": 0.06556276203316252,
      "max_error_m": 7.499957132330348e-05,
      "ok": true,
      "point_count": 96,
      "rank": 64,
      "rms_error_m": 2.228002007363612e-05,
      "sampled_level": -0.008374460637569426
    },
    {
      "control_count": 64,
      "level": 0.001625539362430574,
      "level_nudge_m": 0.0,
      "loop_index": 0,
      "loop_perimeter_m": 0.18369174966861773,
      "max_error_m": 0.00040781079385649686,
      "ok": true,
      "point_count": 96,
      "rank": 64,
      "rms_error_m": 0.00011154919404634007,
      "sampled_level": 0.001625539362430574
    },
    {
      "control_count": 64,
      "level": 0.011625539362430574,
      "level_nudge_m": 0.0,
      "loop_index": 0,
      "loop_perimeter_m": 0.07218376433031808,
      "max_error_m": 6.399129666492307e-05,
      "ok": true,
      "point_count": 96,
      "rank": 64,
      "rms_error_m": 1.808843727159839e-05,
      "sampled_level": 0.011625539362430574
    }
  ],
  "schema": "asimov-1-spline-fit-proof-v1",
  "section_method": "plane_loops",
  "skipped_levels": [],
  "slab_m": 0.004,
  "source_topology": {
    "boundary_edges": 0,
    "degenerate_faces": 0,
    "largest_manifold_component_faces": 3208,
    "manifold_component_count": 1,
    "nonmanifold_edges": 0,
    "ok": true,
    "triangle_count": 3208,
    "unique_vertex_count": 1586,
    "watertight": true
  },
  "step_m": 0.01,
  "summary": {
    "failure_reasons": [],
    "fitted_span_m": 0.03,
    "interfaces_checked": 1,
    "interfaces_ok": 1,
    "internal_rings_skipped": 0,
    "levels_checked": 4,
    "max_error_m": 0.00040781079385649686,
    "max_interface_bbox_delta_m": 0.0007615480571985245,
    "max_interface_centroid_delta_m": 0.00013955647122505693,
    "max_interface_radius_delta_m": 0.0006824630495884665,
    "max_rms_error_m": 0.00011154919404634007,
    "min_section_span_ratio": 0.3333333333333333,
    "nudged_levels": 0,
    "ok": true,
    "output_boundary_edges": 0,
    "output_largest_manifold_component_faces": 3208,
    "output_manifold_component_count": 1,
    "output_nonmanifold_edges": 0,
    "output_watertight": true,
    "rings_fit": 5,
    "rings_skipped": 0,
    "sampled_span_m": 0.03,
    "section_coverage_ok": true,
    "section_span_ratio": 1.0,
    "source_boundary_edges": 0,
    "source_largest_manifold_component_faces": 3208,
    "source_manifold_component_count": 1,
    "source_nonmanifold_edges": 0,
    "source_watertight": true,
    "surface_symmetric_chamfer_rms_m": 0.001222312226413147,
    "surface_symmetric_hausdorff_m": 0.00422898369986104
  },
  "surface_distance": {
    "ok": true,
    "output_sample_count": 5000,
    "output_to_source_max_m": 0.003699320465918137,
    "output_to_source_rms_m": 0.001165397447424971,
    "source_sample_count": 5000,
    "source_to_output_max_m": 0.00422898369986104,
    "source_to_output_rms_m": 0.0012766922680166471,
    "symmetric_chamfer_rms_m": 0.001222312226413147,
    "symmetric_hausdorff_m": 0.00422898369986104
  },
  "tolerances": {
    "interface_tolerance_m": 0.003,
    "max_error_m": 0.006,
    "min_loop_perimeter_m": 0.005,
    "rms_error_m": 0.002,
    "section_nudge_m": 1e-07,
    "surface_distance_tolerance_m": 0.02,
    "topology_merge_tolerance_m": 1e-06
  },
  "topology": {
    "boundary_edges": 0,
    "degenerate_faces": 0,
    "largest_manifold_component_faces": 3208,
    "manifold_component_count": 1,
    "nonmanifold_edges": 0,
    "ok": true,
    "triangle_count": 3208,
    "unique_vertex_count": 1586,
    "watertight": true
  }
}
