{
  "angular_samples": 96,
  "axis": "z",
  "control_count": 64,
  "fit_policy": {
    "control_sample_ratio": 0.6666666666666666,
    "max_control_sample_ratio": 0.6666666666666666,
    "overfit_guard": "control_count <= floor(angular_samples * 2 / 3)"
  },
  "interfaces": [
    {
      "bbox_delta_m": 3.457651473581791e-05,
      "centroid_delta_m": 9.084043533597598e-07,
      "level": -0.052,
      "ok": true,
      "output_point_count": 2928,
      "radius_delta_m": 5.5751324150643544e-05,
      "source_point_count": 2928
    },
    {
      "bbox_delta_m": 3.081187605857849e-05,
      "centroid_delta_m": 3.716645059651362e-06,
      "level": 0.0,
      "ok": true,
      "output_point_count": 3418,
      "radius_delta_m": 3.576492904482781e-06,
      "source_point_count": 3418
    }
  ],
  "internal_skipped_levels": [],
  "link": "LEFT_HIP_ROLL",
  "mesh_bytes": 332684,
  "mesh_path": "/Users/shawwalters/eliza-workspace/milady/eliza/packages/robot/vendor/asimov-1/sim-model/assets/meshes/LEFT_HIP_ROLL.STL",
  "mesh_sha256": "7bd909211765b2a133354677bc6ee09a38f290d8afab0e325b419ff9db79a12c",
  "nudged_levels": [
    -0.04200000002980232
  ],
  "output_mesh_bytes": 332684,
  "output_mesh_path": "/Users/shawwalters/eliza-workspace/milady/eliza/packages/robot/cad/asimov-feminine/output/stl/LEFT_HIP_ROLL.STL",
  "output_mesh_sha256": "a25a90c087e950df3d03ae26e83ef95c15e1bff70be243b61a29489c0ba13dae",
  "rings": [
    {
      "control_count": 64,
      "level": -0.052000000029802325,
      "level_nudge_m": 0.0,
      "loop_index": 0,
      "loop_perimeter_m": 0.17047203213491818,
      "max_error_m": 9.784944205320096e-05,
      "ok": true,
      "point_count": 96,
      "rank": 64,
      "rms_error_m": 2.395279209528406e-05,
      "sampled_level": -0.052000000029802325
    },
    {
      "control_count": 64,
      "level": -0.052000000029802325,
      "level_nudge_m": 0.0,
      "loop_index": 1,
      "loop_perimeter_m": 0.024846631393521477,
      "max_error_m": 1.5876053196354902e-05,
      "ok": true,
      "point_count": 96,
      "rank": 64,
      "rms_error_m": 7.877110495272636e-06,
      "sampled_level": -0.052000000029802325
    },
    {
      "control_count": 64,
      "level": -0.052000000029802325,
      "level_nudge_m": 0.0,
      "loop_index": 2,
      "loop_perimeter_m": 0.013355064343659637,
      "max_error_m": 8.533335124244577e-06,
      "ok": true,
      "point_count": 96,
      "rank": 64,
      "rms_error_m": 4.23391472788271e-06,
      "sampled_level": -0.052000000029802325
    },
    {
      "control_count": 64,
      "level": -0.052000000029802325,
      "level_nudge_m": 0.0,
      "loop_index": 3,
      "loop_perimeter_m": 0.013355062174263016,
      "max_error_m": 8.533356958220497e-06,
      "ok": true,
      "point_count": 96,
      "rank": 64,
      "rms_error_m": 4.23390607285701e-06,
      "sampled_level": -0.052000000029802325
    },
    {
      "control_count": 64,
      "level": -0.052000000029802325,
      "level_nudge_m": 0.0,
      "loop_index": 4,
      "loop_perimeter_m": 0.013355062174263016,
      "max_error_m": 8.533345628818883e-06,
      "ok": true,
      "point_count": 96,
      "rank": 64,
      "rms_error_m": 4.233905725625129e-06,
      "sampled_level": -0.052000000029802325
    },
    {
      "control_count": 64,
      "level": -0.052000000029802325,
      "level_nudge_m": 0.0,
      "loop_index": 5,
      "loop_perimeter_m": 0.013355062174263015,
      "max_error_m": 8.533365926970294e-06,
      "ok": true,
      "point_count": 96,
      "rank": 64,
      "rms_error_m": 4.2339051159366146e-06,
      "sampled_level": -0.052000000029802325
    },
    {
      "control_count": 64,
      "level": -0.052000000029802325,
      "level_nudge_m": 0.0,
      "loop_index": 6,
      "loop_perimeter_m": 0.013355062174263015,
      "max_error_m": 8.53335692998669e-06,
      "ok": true,
      "point_count": 96,
      "rank": 64,
      "rms_error_m": 4.233905463171384e-06,
      "sampled_level": -0.052000000029802325
    },
    {
      "control_count": 64,
      "level": -0.04200000002980232,
      "level_nudge_m": 1e-07,
      "loop_index": 0,
      "loop_perimeter_m": 0.14766107970467499,
      "max_error_m": 0.00023710688153207938,
      "ok": true,
      "point_count": 96,
      "rank": 64,
      "rms_error_m": 5.652624060943745e-05,
      "sampled_level": -0.04199990002980232
    },
    {
      "control_count": 64,
      "level": -0.03200000002980232,
      "level_nudge_m": 0.0,
      "loop_index": 0,
      "loop_perimeter_m": 0.10915080114838346,
      "max_error_m": 1.8241132355835822e-05,
      "ok": true,
      "point_count": 96,
      "rank": 64,
      "rms_error_m": 6.223790644140204e-06,
      "sampled_level": -0.03200000002980232
    },
    {
      "control_count": 64,
      "level": -0.03200000002980232,
      "level_nudge_m": 0.0,
      "loop_index": 1,
      "loop_perimeter_m": 0.025831131173826155,
      "max_error_m": 1.8394382088981667e-05,
      "ok": true,
      "point_count": 96,
      "rank": 64,
      "rms_error_m": 6.596531859363075e-06,
      "sampled_level": -0.03200000002980232
    },
    {
      "control_count": 64,
      "level": -0.02200000002980232,
      "level_nudge_m": 0.0,
      "loop_index": 0,
      "loop_perimeter_m": 0.11815382972067422,
      "max_error_m": 0.00019661633628983627,
      "ok": true,
      "point_count": 96,
      "rank": 64,
      "rms_error_m": 3.773819038270252e-05,
      "sampled_level": -0.02200000002980232
    },
    {
      "control_count": 64,
      "level": -0.012000000029802317,
      "level_nudge_m": 0.0,
      "loop_index": 0,
      "loop_perimeter_m": 0.12832746955904667,
      "max_error_m": 0.00014472163426357626,
      "ok": true,
      "point_count": 96,
      "rank": 64,
      "rms_error_m": 5.398717407002381e-05,
      "sampled_level": -0.012000000029802317
    },
    {
      "control_count": 64,
      "level": -0.002000000029802315,
      "level_nudge_m": 0.0,
      "loop_index": 0,
      "loop_perimeter_m": 0.07056128241363764,
      "max_error_m": 0.00015684150144321354,
      "ok": true,
      "point_count": 96,
      "rank": 64,
      "rms_error_m": 4.154579431669757e-05,
      "sampled_level": -0.002000000029802315
    },
    {
      "control_count": 64,
      "level": 0.007999999970197687,
      "level_nudge_m": 0.0,
      "loop_index": 0,
      "loop_perimeter_m": 0.07488240584988617,
      "max_error_m": 0.00013018487385792614,
      "ok": true,
      "point_count": 96,
      "rank": 64,
      "rms_error_m": 3.6073510786999894e-05,
      "sampled_level": 0.007999999970197687
    },
    {
      "control_count": 64,
      "level": 0.007999999970197687,
      "level_nudge_m": 0.0,
      "loop_index": 1,
      "loop_perimeter_m": 0.07483682156056685,
      "max_error_m": 0.00014342722994818363,
      "ok": true,
      "point_count": 96,
      "rank": 64,
      "rms_error_m": 4.870614575542613e-05,
      "sampled_level": 0.007999999970197687
    },
    {
      "control_count": 64,
      "level": 0.01799999997019769,
      "level_nudge_m": 0.0,
      "loop_index": 0,
      "loop_perimeter_m": 0.07211215810306787,
      "max_error_m": 3.242100456198499e-05,
      "ok": true,
      "point_count": 96,
      "rank": 64,
      "rms_error_m": 1.1994196662987835e-05,
      "sampled_level": 0.01799999997019769
    }
  ],
  "schema": "asimov-1-spline-fit-proof-v1",
  "section_method": "plane_loops",
  "skipped_levels": [],
  "slab_m": 0.004,
  "source_topology": {
    "boundary_edges": 0,
    "degenerate_faces": 0,
    "largest_manifold_component_faces": 6652,
    "manifold_component_count": 1,
    "nonmanifold_edges": 0,
    "ok": true,
    "triangle_count": 6652,
    "unique_vertex_count": 3292,
    "watertight": true
  },
  "step_m": 0.01,
  "summary": {
    "failure_reasons": [],
    "fitted_span_m": 0.07,
    "interfaces_checked": 2,
    "interfaces_ok": 2,
    "internal_rings_skipped": 0,
    "levels_checked": 8,