{
  "angular_samples": 96,
  "axis": "x",
  "control_count": 64,
  "fit_policy": {
    "control_sample_ratio": 0.6666666666666666,
    "max_control_sample_ratio": 0.6666666666666666,
    "overfit_guard": "control_count <= floor(angular_samples * 2 / 3)"
  },
  "interface_footprint_levels": [],
  "interfaces": [
    {
      "bbox_delta_m": 0.0004444904625415802,
      "centroid_delta_m": 0.0004368847731281467,
      "level": 0.0,
      "ok": true,
      "output_point_count": 1827,
      "radius_delta_m": 6.187073134715504e-05,
      "source_point_count": 1730
    }
  ],
  "internal_skipped_levels": [],
  "link": "LEFT_TOE",
  "mesh_bytes": 259984,
  "mesh_path": "/Users/shawwalters/eliza-workspace/milady/eliza/packages/robot/vendor/asimov-1/sim-model/assets/meshes/LEFT_TOE.STL",
  "mesh_sha256": "091eab0e25eabcc94c9d966fdf2bc63db25972ddb176a1e1fe8530ebdf84a1e4",
  "nudged_levels": [],
  "output_mesh_bytes": 262284,
  "output_mesh_path": "/Users/shawwalters/eliza-workspace/milady/eliza/packages/robot/cad/asimov-feminine/output/stl/LEFT_TOE.STL",
  "output_mesh_sha256": "0857cf90b40ce5337ef8713da4226ba6ae67fb1e3caa5b78bc232b2ff6252fe4",
  "rings": [
    {
      "closed_loop_ok": true,
      "closure_gap_m": 0.0,
      "control_count": 64,
      "fitted_area_m2": 0.0009282170957876216,
      "fitted_min_segment_m": 0.00155452156415697,
      "fitted_perimeter_m": 0.20397087330202307,
      "level": 0.006600098796188831,
      "level_nudge_m": 0.0,
      "loop_index": 0,
      "loop_perimeter_m": 0.20568310502847723,
      "max_error_m": 0.00022280844487723587,
      "nondegenerate_loop_ok": true,
      "ok": true,
      "point_count": 96,
      "rank": 64,
      "rms_error_m": 4.9701038279941585e-05,
      "sampled_level": 0.006600098796188831
    },
    {
      "closed_loop_ok": true,
      "closure_gap_m": 0.0,
      "control_count": 64,
      "fitted_area_m2": 0.00015405712698081343,
      "fitted_min_segment_m": 0.0007595645975394914,
      "fitted_perimeter_m": 0.11334991023410898,
      "level": 0.006600098796188831,
      "level_nudge_m": 0.0,
      "loop_index": 1,
      "loop_perimeter_m": 0.1140801967406331,
      "max_error_m": 0.00018868354253452271,
      "nondegenerate_loop_ok": true,
      "ok": true,
      "point_count": 96,
      "rank": 64,
      "rms_error_m": 3.5105045664542646e-05,
      "sampled_level": 0.006600098796188831
    },
    {
      "closed_loop_ok": true,
      "closure_gap_m": 0.0,
      "control_count": 64,
      "fitted_area_m2": 5.2891876519529923e-05,
      "fitted_min_segment_m": 0.00023469410384073278,
      "fitted_perimeter_m": 0.029835515781896197,
      "level": 0.006600098796188831,
      "level_nudge_m": 0.0,
      "loop_index": 2,
      "loop_perimeter_m": 0.030013354300245623,
      "max_error_m": 3.687768957497942e-05,
      "nondegenerate_loop_ok": true,
      "ok": true,
      "point_count": 96,
      "rank": 64,
      "rms_error_m": 7.276774029590419e-06,
      "sampled_level": 0.006600098796188831
    },
    {
      "closed_loop_ok": true,
      "closure_gap_m": 0.0,
      "control_count": 64,
      "fitted_area_m2": 3.4425316990105426e-05,
      "fitted_min_segment_m": 0.00014859957628496259,
      "fitted_perimeter_m": 0.02534490713907428,
      "level": 0.006600098796188831,
      "level_nudge_m": 0.0,
      "loop_index": 3,
      "loop_perimeter_m": 0.025541796724897342,
      "max_error_m": 3.587899808514088e-05,
      "nondegenerate_loop_ok": true,
      "ok": true,
      "point_count": 96,
      "rank": 64,
      "rms_error_m": 8.066180441511036e-06,
      "sampled_level": 0.006600098796188831
    },
    {
      "closed_loop_ok": true,
      "closure_gap_m": 0.0,
      "control_count": 64,
      "fitted_area_m2": 0.0009236914366140049,
      "fitted_min_segment_m": 0.001640992309026961,
      "fitted_perimeter_m": 0.20238858183824393,
      "level": 0.01660009879618883,
      "level_nudge_m": 0.0,
      "loop_index": 0,
      "loop_perimeter_m": 0.20378323083143862,
      "max_error_m": 0.0002991542081576081,
      "nondegenerate_loop_ok": true,
      "ok": true,
      "point_count": 96,
      "rank": 64,
      "rms_error_m": 7.165164499761533e-05,
      "sampled_level": 0.01660009879618883
    },
    {
      "closed_loop_ok": true,
      "closure_gap_m": 0.0,
      "control_count": 64,
      "fitted_area_m2": 0.0010065992090392472,
      "fitted_min_segment_m": 0.0012927849499009545,
      "fitted_perimeter_m": 0.1820083153121747,
      "level": 0.01660009879618883,
      "level_nudge_m": 0.0,
      "loop_index": 1,
      "loop_perimeter_m": 0.18394666630370257,
      "max_error_m": 0.0003032409658120051,
      "nondegenerate_loop_ok": true,
      "ok": true,
      "point_count": 96,
      "rank": 64,
      "rms_error_m": 6.803773804079891e-05,
      "sampled_level": 0.01660009879618883
    },
    {
      "closed_loop_ok": true,
      "closure_gap_m": 0.0,
      "control_count": 64,
      "fitted_area_m2": 3.222662181907171e-05,
      "fitted_min_segment_m": 9.852828202535546e-05,
      "fitted_perimeter_m": 0.028740524576415325,
      "level": 0.01660009879618883,
      "level_nudge_m": 0.0,
      "loop_index": 2,
      "loop_perimeter_m": 0.029053068610503635,
      "max_error_m": 4.426877576400704e-05,
      "nondegenerate_loop_ok": true,
      "ok": true,
      "point_count": 96,
      "rank": 64,
      "rms_error_m": 8.897456206779557e-06,
      "sampled_level": 0.01660009879618883
    },
    {
      "closed_loop_ok": true,
      "closure_gap_m": 0.0,
      "control_count": 64,
      "fitted_area_m2": 0.0011779916679123944,
      "fitted_min_segment_m": 0.001069581007268914,
      "fitted_perimeter_m": 0.23288047180721988,
      "level": 0.02660009879618883,
      "level_nudge_m": 0.0,
      "loop_index": 0,
      "loop_perimeter_m": 0.2433775049223957,
      "max_error_m": 0.00044980388223844623,
      "nondegenerate_loop_ok": true,
      "ok": true,
      "point_count": 96,
      "rank": 64,
      "rms_error_m": 0.00016947559533278853,
      "sampled_level": 0.02660009879618883
    },
    {
      "closed_loop_ok": true,
      "closure_gap_m": 0.0,
      "control_count": 64,
      "fitted_area_m2": 0.00037604721101966703,
      "fitted_min_segment_m": 0.000771914045981898,
      "fitted_perimeter_m": 0.10419728039240998,
      "level": 0.02660009879618883,
      "level_nudge_m": 0.0,
      "loop_index": 1,
      "loop_perimeter_m": 0.10725161479366654,
      "max_error_m": 0.00025417535597579266,
      "nondegenerate_loop_ok": true,
      "ok": true,
      "point_count": 96,
      "rank": 64,
      "rms_error_m": 6.273453022992397e-05,
      "sampled_level": 0.02660009879618883
    },
    {
      "closed_loop_ok": true,
      "closure_gap_m": 0.0,
      "control_count": 64,
      "fitted_area_m2": 0.00020548620667064366,
      "fitted_min_segment_m": 0.00045695262392094166,
      "fitted_perimeter_m": 0.06076863617627418,
      "level": 0.02660009879618883,
      "level_nudge_m": 0.0,
      "loop_index": 2,
      "loop_perimeter_m": 0.061361273040817635,
      "max_error_m": 8.504484936512724e-05,
      "nondegenerate_loop_ok": true,
      "ok": true,
      "point_count": 96,
      "rank": 64,
      "rms_error_m": 2.1998016675722308e-05,
      "sampled_level": 0.02660009879618883
    },
    {
      "closed_loop_ok": true,
      "closure_gap_m": 0.0,
      "control_count": 64,
      "fitted_area_m2": 0.00020303267700762934,
      "fitted_min_segment_m": 0.0004483447338688282,
      "fitted_perimeter_m": 0.06049352228936844,
      "level": 0.02660009879618883,
      "level_nudge_m": 0.0,
      "loop_index": 3,
      "loop_perimeter_m": 0.061066735266131184,
      "max_error_m": 0.00010393039459759347,
      "nondegenerate_loop_ok": true,
      "ok": true,
      "point_count": 96,
      "rank": 64,
      "rms_error_m": 2.4530593987176144e-05,
      "sampled_level": 0.02660009879618883
    },
    {
      "closed_loop_ok": true,
      "closure_gap_m": 0.0,
      "control_count": 64,