{
  "angular_samples": 96,
  "axis": "z",
  "control_count": 64,
  "fit_policy": {
    "control_sample_ratio": 0.6666666666666666,
    "max_control_sample_ratio": 0.6666666666666666,
    "overfit_guard": "control_count <= floor(angular_samples * 2 / 3)"
  },
  "interface_footprint_levels": [],
  "interfaces": [
    {
      "bbox_delta_m": 0.00012393109500408173,
      "centroid_delta_m": 1.9511988099286953e-09,
      "level": -0.01,
      "ok": true,
      "output_point_count": 2501,
      "radius_delta_m": 8.752488107337253e-05,
      "source_point_count": 2604
    },
    {
      "bbox_delta_m": 0.00012583844363689423,
      "centroid_delta_m": 1.9082799553871155e-06,
      "level": 0.0,
      "ok": true,
      "output_point_count": 3947,
      "radius_delta_m": 8.752546425479235e-05,
      "source_point_count": 4112
    }
  ],
  "internal_skipped_levels": [],
  "link": "RIGHT_ANKLE_A",
  "mesh_bytes": 221284,
  "mesh_path": "/Users/shawwalters/eliza-workspace/milady/eliza/packages/robot/vendor/asimov-1/sim-model/assets/meshes/RIGHT_ANKLE_A.STL",
  "mesh_sha256": "351c68c81211de8ff1bb0dbeea7e933335ec3a1a9035446f48829c4029a42d5f",
  "nudged_levels": [
    -0.027999992370605468,
    0.0
  ],
  "output_mesh_bytes": 221284,
  "output_mesh_path": "/Users/shawwalters/eliza-workspace/milady/eliza/packages/robot/cad/asimov-feminine/output/stl/RIGHT_ANKLE_A.STL",
  "output_mesh_sha256": "71c496512fdc956d094f79f51c46f206eba1fbe414dfefd4bec225f1d9663bf7",
  "rings": [
    {
      "closed_loop_ok": true,
      "closure_gap_m": 0.0,
      "control_count": 64,
      "fitted_area_m2": 0.000553242388054802,
      "fitted_min_segment_m": 0.0009920256024388342,
      "fitted_perimeter_m": 0.11145241730222699,
      "level": -0.027999992370605468,
      "level_nudge_m": 1e-07,
      "loop_index": 0,
      "loop_perimeter_m": 0.11253228507944497,
      "max_error_m": 6.598053249033987e-05,
      "nondegenerate_loop_ok": true,
      "ok": true,
      "point_count": 96,
      "rank": 64,
      "rms_error_m": 2.2688020117397166e-05,
      "sampled_level": -0.02799989237060547
    },
    {
      "closed_loop_ok": true,
      "closure_gap_m": 0.0,
      "control_count": 64,
      "fitted_area_m2": 0.0005814444805160696,
      "fitted_min_segment_m": 0.000977178863269647,
      "fitted_perimeter_m": 0.09502168006444615,
      "level": -0.01799999237060547,
      "level_nudge_m": 0.0,
      "loop_index": 0,
      "loop_perimeter_m": 0.09518487915966903,
      "max_error_m": 1.9001939476518817e-05,
      "nondegenerate_loop_ok": true,
      "ok": true,
      "point_count": 96,
      "rank": 64,
      "rms_error_m": 5.841684024035764e-06,
      "sampled_level": -0.01799999237060547
    },
    {
      "closed_loop_ok": true,
      "closure_gap_m": 0.0,
      "control_count": 64,
      "fitted_area_m2": 0.0007172002855820735,
      "fitted_min_segment_m": 0.0009604792974823184,
      "fitted_perimeter_m": 0.1267533501661246,
      "level": -0.01,
      "level_nudge_m": 0.0,
      "loop_index": 0,
      "loop_perimeter_m": 0.13136555450280957,
      "max_error_m": 0.00019127227769799205,
      "nondegenerate_loop_ok": true,
      "ok": true,
      "point_count": 96,
      "rank": 64,
      "rms_error_m": 7.120208925808817e-05,
      "sampled_level": -0.01
    },
    {
      "closed_loop_ok": true,
      "closure_gap_m": 0.0,
      "control_count": 64,
      "fitted_area_m2": 0.0007097339208848671,
      "fitted_min_segment_m": 0.0009500341809258193,
      "fitted_perimeter_m": 0.12592719195844268,
      "level": -0.00799999237060547,
      "level_nudge_m": 0.0,
      "loop_index": 0,
      "loop_perimeter_m": 0.1305596635724478,
      "max_error_m": 0.0003837560873635806,
      "nondegenerate_loop_ok": true,
      "ok": true,
      "point_count": 96,
      "rank": 64,
      "rms_error_m": 0.00010693761361599739,
      "sampled_level": -0.00799999237060547
    },
    {
      "closed_loop_ok": true,
      "closure_gap_m": 0.0,
      "control_count": 64,
      "fitted_area_m2": 0.0009343532511003349,
      "fitted_min_segment_m": 0.0009482193215333908,
      "fitted_perimeter_m": 0.1539910710137553,
      "level": 0.0,
      "level_nudge_m": 1e-07,
      "loop_index": 0,
      "loop_perimeter_m": 0.16288220498137884,
      "max_error_m": 0.00039511494940592666,
      "nondegenerate_loop_ok": true,
      "ok": true,
      "point_count": 96,
      "rank": 64,
      "rms_error_m": 0.00011728531387911165,
      "sampled_level": 1e-07
    },
    {
      "closed_loop_ok": true,
      "closure_gap_m": 0.0,
      "control_count": 64,
      "fitted_area_m2": 0.0009284276520520143,
      "fitted_min_segment_m": 0.0009716457866543389,
      "fitted_perimeter_m": 0.15684315754212846,
      "level": 0.0020000076293945276,
      "level_nudge_m": 0.0,
      "loop_index": 0,
      "loop_perimeter_m": 0.16538924818672993,
      "max_error_m": 0.00041075684189122494,
      "nondegenerate_loop_ok": true,
      "ok": true,
      "point_count": 96,
      "rank": 64,
      "rms_error_m": 0.00014409486415893757,
      "sampled_level": 0.0020000076293945276
    },
    {
      "closed_loop_ok": true,
      "closure_gap_m": 0.0,
      "control_count": 64,
      "fitted_area_m2": 0.0006542514387279288,
      "fitted_min_segment_m": 0.001151776690284909,
      "fitted_perimeter_m": 0.11200116533216165,
      "level": 0.012000007629394526,
      "level_nudge_m": 0.0,
      "loop_index": 0,
      "loop_perimeter_m": 0.11212801249022031,
      "max_error_m": 1.604648668402738e-05,
      "nondegenerate_loop_ok": true,
      "ok": true,
      "point_count": 96,
      "rank": 64,
      "rms_error_m": 4.453807056960965e-06,
      "sampled_level": 0.012000007629394526
    }
  ],
  "schema": "asimov-1-spline-fit-proof-v1",
  "section_method": "plane_loops",
  "skipped_levels": [],
  "slab_m": 0.004,
  "source_topology": {
    "boundary_edges": 0,
    "degenerate_faces": 0,
    "largest_manifold_component_faces": 4424,
    "manifold_component_count": 1,
    "nonmanifold_edges": 0,
    "ok": true,
    "triangle_count": 4424,
    "unique_vertex_count": 2214,
    "watertight": true
  },
  "step_m": 0.01,
  "summary": {
    "controlled_loft_sections": 7,
    "controlled_loft_triangles": 0,
    "failure_reasons": [],
    "fitted_span_m": 0.039999999999999994,
    "interface_footprint_levels": 0,
    "interfaces_checked": 2,
    "interfaces_ok": 2,
    "internal_rings_skipped": 0,
    "levels_checked": 7,
    "max_closure_gap_m": 0.0,
    "max_error_m": 0.00041075684189122494,
    "max_interface_bbox_delta_m": 0.00012583844363689423,
    "max_interface_centroid_delta_m": 1.9082799553871155e-06,
    "max_interface_radius_delta_m": 8.752546425479235e-05,
    "max_rms_error_m": 0.00014409486415893757,
    "min_fitted_ring_area_m2": 0.000553242388054802,
    "min_fitted_ring_perimeter_m": 0.09502168006444615,
    "min_section_span_ratio": 0.3333333333333333,
    "nudged_levels": 2,
    "ok": true,
    "output_boundary_edges": 0,
    "output_largest_manifold_component_faces": 4424,
    "output_manifold_component_count": 1,
    "output_nonmanifold_edges": 0,
    "output_watertight": true,
    "rings_closed": 7,
    "rings_fit": 7,
    "rings_nondegenerate": 7,
    "rings_skipped": 0,
    "sampled_span_m": 0.039999999999999994,
    "section_coverage_ok": true,
    "section_span_ratio": 1.0,
    "source_boundary_edges": 0,
    "source_largest_manifold_component_faces": 4424,
    "source_manifold_component_count": 1,
    "source_nonmanifold_edges": 0,
    "source_watertight": true,
    "surface_symmetric_chamfer_rms_m": 0.0003723551427139745,
    "surface_symmetric_hausdorff_m": 0.0017304831179640718
  },
  "surface_distance": {
    "ok": true,
    "output_sample_count": 5000,
    "output_to_source_max_m": 0.0011567931290572637,
    "output_to_source_rms_m": 0.0003076232411908483,
    "source_sample_count": 5000,
    "source_to_output_max_m": 0.0017304831179640718,
    "source_to_output_rms_m": 0.00042739284749551644,