{
  "angular_samples": 96,
  "axis": "z",
  "control_count": 64,
  "fit_policy": {
    "control_sample_ratio": 0.6666666666666666,
    "max_control_sample_ratio": 0.6666666666666666,
    "overfit_guard": "control_count <= floor(angular_samples * 2 / 3)"
  },
  "interface_footprint_levels": [],
  "interfaces": [
    {
      "bbox_delta_m": 0.0007660649716854095,
      "centroid_delta_m": 0.00011890633756175218,
      "level": 0.0,
      "ok": true,
      "output_point_count": 3205,
      "radius_delta_m": 0.000562766063405374,
      "source_point_count": 3431
    }
  ],
  "internal_skipped_levels": [],
  "link": "RIGHT_WRIST_YAW",
  "mesh_bytes": 160384,
  "mesh_path": "/Users/shawwalters/eliza-workspace/milady/eliza/packages/robot/vendor/asimov-1/sim-model/assets/meshes/RIGHT_WRIST_YAW.STL",
  "mesh_sha256": "f71c5a4e4b762bd141477ac6b46af9598300630ce923f67f6c02bf98d4a67586",
  "nudged_levels": [],
  "output_mesh_bytes": 160384,
  "output_mesh_path": "/Users/shawwalters/eliza-workspace/milady/eliza/packages/robot/cad/asimov-feminine/output/stl/RIGHT_WRIST_YAW.STL",
  "output_mesh_sha256": "f3c47eecffcedf67e861aca4972a50deac978af57a7c6089e3afd46ae5b1616f",
  "rings": [
    {
      "closed_loop_ok": true,
      "closure_gap_m": 0.0,
      "control_count": 64,
      "fitted_area_m2": 0.00014760771493068373,
      "fitted_min_segment_m": 0.000692129847226187,
      "fitted_perimeter_m": 0.07683451197432623,
      "level": -0.018400044068694114,
      "level_nudge_m": 0.0,
      "loop_index": 0,
      "loop_perimeter_m": 0.07734510367331844,
      "max_error_m": 8.292104779658626e-05,
      "nondegenerate_loop_ok": true,
      "ok": true,
      "point_count": 96,
      "rank": 64,
      "rms_error_m": 2.3909086412596968e-05,
      "sampled_level": -0.018400044068694114
    },
    {
      "closed_loop_ok": true,
      "closure_gap_m": 0.0,
      "control_count": 64,
      "fitted_area_m2": 1.3184550836491831e-05,
      "fitted_min_segment_m": 0.00013337766397627767,
      "fitted_perimeter_m": 0.013066533554478187,
      "level": -0.018400044068694114,
      "level_nudge_m": 0.0,
      "loop_index": 1,
      "loop_perimeter_m": 0.013089315914769037,
      "max_error_m": 5.040315317521102e-06,
      "nondegenerate_loop_ok": true,
      "ok": true,
      "point_count": 96,
      "rank": 64,
      "rms_error_m": 1.939969391484325e-06,
      "sampled_level": -0.018400044068694114
    },
    {
      "closed_loop_ok": true,
      "closure_gap_m": 0.0,
      "control_count": 64,
      "fitted_area_m2": 0.00011330296906619428,
      "fitted_min_segment_m": 0.0004349560857491076,
      "fitted_perimeter_m": 0.07865292635078742,
      "level": -0.008400044068694114,
      "level_nudge_m": 0.0,
      "loop_index": 0,
      "loop_perimeter_m": 0.07996629123395838,
      "max_error_m": 9.57240374669679e-05,
      "nondegenerate_loop_ok": true,
      "ok": true,
      "point_count": 96,
      "rank": 64,
      "rms_error_m": 3.3937855420227305e-05,
      "sampled_level": -0.008400044068694114
    },
    {
      "closed_loop_ok": true,
      "closure_gap_m": 0.0,
      "control_count": 64,
      "fitted_area_m2": 7.622230637916969e-05,
      "fitted_min_segment_m": 0.0003530707190224755,
      "fitted_perimeter_m": 0.06275682076130737,
      "level": -0.008400044068694114,
      "level_nudge_m": 0.0,
      "loop_index": 1,
      "loop_perimeter_m": 0.06367446825631229,
      "max_error_m": 5.468810635313297e-05,
      "nondegenerate_loop_ok": true,
      "ok": true,
      "point_count": 96,
      "rank": 64,
      "rms_error_m": 1.6741949822316445e-05,
      "sampled_level": -0.008400044068694114
    },
    {
      "closed_loop_ok": true,
      "closure_gap_m": 0.0,
      "control_count": 64,
      "fitted_area_m2": 1.3578876053603126e-05,
      "fitted_min_segment_m": 0.00010956576286513315,
      "fitted_perimeter_m": 0.015017851853613772,
      "level": -0.008400044068694114,
      "level_nudge_m": 0.0,
      "loop_index": 2,
      "loop_perimeter_m": 0.015119902056692832,
      "max_error_m": 1.4796954811697064e-05,
      "nondegenerate_loop_ok": true,
      "ok": true,
      "point_count": 96,
      "rank": 64,
      "rms_error_m": 2.9636506229930995e-06,
      "sampled_level": -0.008400044068694114
    },
    {
      "closed_loop_ok": true,
      "closure_gap_m": 0.0,
      "control_count": 64,
      "fitted_area_m2": 0.00016647451919283218,
      "fitted_min_segment_m": 0.0006232258605472011,
      "fitted_perimeter_m": 0.10878490664923285,
      "level": 0.0,
      "level_nudge_m": 0.0,
      "loop_index": 0,
      "loop_perimeter_m": 0.11072307829995112,
      "max_error_m": 0.00020331911389460258,
      "nondegenerate_loop_ok": true,
      "ok": true,
      "point_count": 96,
      "rank": 64,
      "rms_error_m": 5.652205033323978e-05,
      "sampled_level": 0.0
    },
    {
      "closed_loop_ok": true,
      "closure_gap_m": 0.0,
      "control_count": 64,
      "fitted_area_m2": 6.671343318543407e-05,
      "fitted_min_segment_m": 0.00043104158723807594,
      "fitted_perimeter_m": 0.05798202227275525,
      "level": 0.0,
      "level_nudge_m": 0.0,
      "loop_index": 1,
      "loop_perimeter_m": 0.05871168255961637,
      "max_error_m": 4.6958121710791375e-05,
      "nondegenerate_loop_ok": true,
      "ok": true,
      "point_count": 96,
      "rank": 64,
      "rms_error_m": 1.585386770839308e-05,
      "sampled_level": 0.0
    },
    {
      "closed_loop_ok": true,
      "closure_gap_m": 0.0,
      "control_count": 64,
      "fitted_area_m2": 0.00025397947497871217,
      "fitted_min_segment_m": 0.0008048576600784587,
      "fitted_perimeter_m": 0.16764966189887381,
      "level": 0.0015999559313058867,
      "level_nudge_m": 0.0,
      "loop_index": 0,
      "loop_perimeter_m": 0.1734276560720635,
      "max_error_m": 0.0004063611106988188,
      "nondegenerate_loop_ok": true,
      "ok": true,
      "point_count": 96,
      "rank": 64,
      "rms_error_m": 0.00010457628585168054,
      "sampled_level": 0.0015999559313058867
    },
    {
      "closed_loop_ok": true,
      "closure_gap_m": 0.0,
      "control_count": 64,
      "fitted_area_m2": 1.4300314836861736e-05,
      "fitted_min_segment_m": 0.0001538545958309434,
      "fitted_perimeter_m": 0.015351865213728067,
      "level": 0.0015999559313058867,
      "level_nudge_m": 0.0,
      "loop_index": 1,
      "loop_perimeter_m": 0.015389887609965939,
      "max_error_m": 5.6253466408578385e-06,
      "nondegenerate_loop_ok": true,
      "ok": true,
      "point_count": 96,
      "rank": 64,
      "rms_error_m": 2.292514413774222e-06,
      "sampled_level": 0.0015999559313058867
    },
    {
      "closed_loop_ok": true,
      "closure_gap_m": 0.0,
      "control_count": 64,
      "fitted_area_m2": 0.00010183659792084289,
      "fitted_min_segment_m": 0.0005078361319101056,
      "fitted_perimeter_m": 0.07155315634282941,
      "level": 0.011599955931305885,
      "level_nudge_m": 0.0,
      "loop_index": 0,
      "loop_perimeter_m": 0.0722306532763165,
      "max_error_m": 0.0001360167016417806,
      "nondegenerate_loop_ok": true,
      "ok": true,
      "point_count": 96,
      "rank": 64,
      "rms_error_m": 3.196723637742097e-05,
      "sampled_level": 0.011599955931305885
    }
  ],
  "schema": "asimov-1-spline-fit-proof-v1",
  "section_method": "plane_loops",
  "skipped_levels": [],
  "slab_m": 0.004,
  "source_topology": {
    "boundary_edges": 0,
    "degenerate_faces": 0,
    "largest_manifold_component_faces": 3206,
    "manifold_component_count": 1,
    "nonmanifold_edges": 0,
    "ok": true,
    "triangle_count": 3206,
    "unique_vertex_count": 1585,
    "watertight": true
  },
  "step_m": 0.01,
  "summary": {
    "controlled_loft_sections": 10,
    "controlled_loft_triangles": 0,
    "failure_reasons": [],
    "fitted_span_m": 0.03,
    "interface_footprint_levels": 0,
    "interfaces_checked": 1,
    "interfaces_ok": 1,
    "internal_rings_skipped": 0,
    "levels_checked": 5,