{
  "angular_samples": 96,
  "axis": "x",
  "control_count": 64,
  "fit_policy": {
    "control_sample_ratio": 0.6666666666666666,
    "max_control_sample_ratio": 0.6666666666666666,
    "overfit_guard": "control_count <= floor(angular_samples * 2 / 3)"
  },
  "interface_footprint_levels": [],
  "interfaces": [
    {
      "bbox_delta_m": 0.0005290396511554718,
      "centroid_delta_m": 0.0004875005750273813,
      "level": 0.0,
      "ok": true,
      "output_point_count": 1756,
      "radius_delta_m": 1.7936683147166954e-05,
      "source_point_count": 1654
    }
  ],
  "internal_skipped_levels": [],
  "link": "RIGHT_TOE",
  "mesh_bytes": 262084,
  "mesh_path": "/Users/shawwalters/eliza-workspace/milady/eliza/packages/robot/vendor/asimov-1/sim-model/assets/meshes/RIGHT_TOE.STL",
  "mesh_sha256": "bccbd2aa1803c6fe4f954c881c4e0152ff268c564df2ad35d7c52fb693c1ccce",
  "nudged_levels": [],
  "output_mesh_bytes": 263784,
  "output_mesh_path": "/Users/shawwalters/eliza-workspace/milady/eliza/packages/robot/cad/asimov-feminine/output/stl/RIGHT_TOE.STL",
  "output_mesh_sha256": "75ab916806daadd3c718c1b87a5092a0b161f893634eb63b5a0441b28eb26f13",
  "rings": [
    {
      "closed_loop_ok": true,
      "closure_gap_m": 0.0,
      "control_count": 64,
      "fitted_area_m2": 0.0009287140662105967,
      "fitted_min_segment_m": 0.00169013220997138,
      "fitted_perimeter_m": 0.20420854959598123,
      "level": 0.006600098796188831,
      "level_nudge_m": 0.0,
      "loop_index": 0,
      "loop_perimeter_m": 0.20568373947568702,
      "max_error_m": 0.0003078193475623016,
      "nondegenerate_loop_ok": true,
      "ok": true,
      "point_count": 96,
      "rank": 64,
      "rms_error_m": 6.932799906454024e-05,
      "sampled_level": 0.006600098796188831
    },
    {
      "closed_loop_ok": true,
      "closure_gap_m": 0.0,
      "control_count": 64,
      "fitted_area_m2": 0.0001542625762527344,
      "fitted_min_segment_m": 0.0006279509993232334,
      "fitted_perimeter_m": 0.11318979064445649,
      "level": 0.006600098796188831,
      "level_nudge_m": 0.0,
      "loop_index": 1,
      "loop_perimeter_m": 0.11408155300722558,
      "max_error_m": 0.00015092388166514477,
      "nondegenerate_loop_ok": true,
      "ok": true,
      "point_count": 96,
      "rank": 64,
      "rms_error_m": 3.31311532952445e-05,
      "sampled_level": 0.006600098796188831
    },
    {
      "closed_loop_ok": true,
      "closure_gap_m": 0.0,
      "control_count": 64,
      "fitted_area_m2": 5.2764615298170336e-05,
      "fitted_min_segment_m": 0.00022477519937374058,
      "fitted_perimeter_m": 0.029839361024120492,
      "level": 0.006600098796188831,
      "level_nudge_m": 0.0,
      "loop_index": 2,
      "loop_perimeter_m": 0.030009691705499362,
      "max_error_m": 2.8807049401428403e-05,
      "nondegenerate_loop_ok": true,
      "ok": true,
      "point_count": 96,
      "rank": 64,
      "rms_error_m": 7.187098674778577e-06,
      "sampled_level": 0.006600098796188831
    },
    {
      "closed_loop_ok": true,
      "closure_gap_m": 0.0,
      "control_count": 64,
      "fitted_area_m2": 3.4504786403832116e-05,
      "fitted_min_segment_m": 0.00016235120535971497,
      "fitted_perimeter_m": 0.025347616411555494,
      "level": 0.006600098796188831,
      "level_nudge_m": 0.0,
      "loop_index": 3,
      "loop_perimeter_m": 0.025540420608448928,
      "max_error_m": 4.6214316073775776e-05,
      "nondegenerate_loop_ok": true,
      "ok": true,
      "point_count": 96,
      "rank": 64,
      "rms_error_m": 8.21647836025389e-06,
      "sampled_level": 0.006600098796188831
    },
    {
      "closed_loop_ok": true,
      "closure_gap_m": 0.0,
      "control_count": 64,
      "fitted_area_m2": 0.0009234137812723872,
      "fitted_min_segment_m": 0.0015748510542511777,
      "fitted_perimeter_m": 0.2023338143153527,
      "level": 0.01660009879618883,
      "level_nudge_m": 0.0,
      "loop_index": 0,
      "loop_perimeter_m": 0.20378413623446828,
      "max_error_m": 0.000292233269883156,
      "nondegenerate_loop_ok": true,
      "ok": true,
      "point_count": 96,
      "rank": 64,
      "rms_error_m": 6.0867592278075256e-05,
      "sampled_level": 0.01660009879618883
    },
    {
      "closed_loop_ok": true,
      "closure_gap_m": 0.0,
      "control_count": 64,
      "fitted_area_m2": 0.0010075831539881185,
      "fitted_min_segment_m": 0.0012613210879166025,
      "fitted_perimeter_m": 0.18200732230752062,
      "level": 0.01660009879618883,
      "level_nudge_m": 0.0,
      "loop_index": 1,
      "loop_perimeter_m": 0.18394800502804218,
      "max_error_m": 0.0002745466233442381,
      "nondegenerate_loop_ok": true,
      "ok": true,
      "point_count": 96,
      "rank": 64,
      "rms_error_m": 6.961605913741174e-05,
      "sampled_level": 0.01660009879618883
    },
    {
      "closed_loop_ok": true,
      "closure_gap_m": 0.0,
      "control_count": 64,
      "fitted_area_m2": 3.214636319460659e-05,
      "fitted_min_segment_m": 0.0002140602178902911,
      "fitted_perimeter_m": 0.028885779756884066,
      "level": 0.01660009879618883,
      "level_nudge_m": 0.0,
      "loop_index": 2,
      "loop_perimeter_m": 0.029054700405136358,
      "max_error_m": 2.8215189515874463e-05,
      "nondegenerate_loop_ok": true,
      "ok": true,
      "point_count": 96,
      "rank": 64,
      "rms_error_m": 6.451217604897202e-06,
      "sampled_level": 0.01660009879618883
    },
    {
      "closed_loop_ok": true,
      "closure_gap_m": 0.0,
      "control_count": 64,
      "fitted_area_m2": 0.0011833073179656547,
      "fitted_min_segment_m": 0.0014862846946815237,
      "fitted_perimeter_m": 0.23325446827053786,
      "level": 0.02660009879618883,
      "level_nudge_m": 0.0,
      "loop_index": 0,
      "loop_perimeter_m": 0.24337049586680173,
      "max_error_m": 0.0005821439756883731,
      "nondegenerate_loop_ok": true,
      "ok": true,
      "point_count": 96,
      "rank": 64,
      "rms_error_m": 0.00016939425308999922,
      "sampled_level": 0.02660009879618883
    },
    {
      "closed_loop_ok": true,
      "closure_gap_m": 0.0,
      "control_count": 64,
      "fitted_area_m2": 0.0003760483156651966,
      "fitted_min_segment_m": 0.0007698055701900688,
      "fitted_perimeter_m": 0.10421127378999948,
      "level": 0.02660009879618883,
      "level_nudge_m": 0.0,
      "loop_index": 1,
      "loop_perimeter_m": 0.10725161479394169,
      "max_error_m": 0.00025335894205683843,
      "nondegenerate_loop_ok": true,
      "ok": true,
      "point_count": 96,
      "rank": 64,
      "rms_error_m": 6.210274274787173e-05,
      "sampled_level": 0.02660009879618883
    },
    {
      "closed_loop_ok": true,
      "closure_gap_m": 0.0,
      "control_count": 64,
      "fitted_area_m2": 0.00020548938379740672,
      "fitted_min_segment_m": 0.0004614501552061843,
      "fitted_perimeter_m": 0.06076523529701919,
      "level": 0.02660009879618883,
      "level_nudge_m": 0.0,
      "loop_index": 2,
      "loop_perimeter_m": 0.06136122865501844,
      "max_error_m": 3.847619973811895e-05,
      "nondegenerate_loop_ok": true,
      "ok": true,
      "point_count": 96,
      "rank": 64,
      "rms_error_m": 1.2974315221531787e-05,
      "sampled_level": 0.02660009879618883
    },
    {
      "closed_loop_ok": true,
      "closure_gap_m": 0.0,
      "control_count": 64,
      "fitted_area_m2": 0.00020307178414327026,
      "fitted_min_segment_m": 0.0004513091756654322,
      "fitted_perimeter_m": 0.060338981374357295,
      "level": 0.02660009879618883,
      "level_nudge_m": 0.0,
      "loop_index": 3,
      "loop_perimeter_m": 0.061069592712344106,
      "max_error_m": 9.119471696494012e-05,
      "nondegenerate_loop_ok": true,
      "ok": true,
      "point_count": 96,
      "rank": 64,
      "rms_error_m": 1.937067543408126e-05,
      "sampled_level": 0.02660009879618883
    },
    {
      "closed_loop_ok": true,
      "closure_gap_m": 0.0,
      "control_count": 64,