{
  "angular_samples": 96,
  "axis": "z",
  "control_count": 64,
  "fit_policy": {
    "control_sample_ratio": 0.6666666666666666,
    "max_control_sample_ratio": 0.6666666666666666,
    "overfit_guard": "control_count <= floor(angular_samples * 2 / 3)"
  },
  "interfaces": [
    {
      "bbox_delta_m": 0.00012393109500408173,
      "centroid_delta_m": 1.5251871870485604e-06,
      "level": -0.01,
      "ok": true,
      "output_point_count": 2501,
      "radius_delta_m": 1.5031692300396249e-06,
      "source_point_count": 2501
    },
    {
      "bbox_delta_m": 0.00012583844363689423,
      "centroid_delta_m": 2.1813243410245443e-06,
      "level": 0.0,
      "ok": true,
      "output_point_count": 3947,
      "radius_delta_m": 0.00014629762127885138,
      "source_point_count": 3947
    }
  ],
  "internal_skipped_levels": [],
  "link": "RIGHT_ANKLE_A",
  "mesh_bytes": 221284,
  "mesh_path": "/Users/shawwalters/eliza-workspace/milady/eliza/packages/robot/vendor/asimov-1/sim-model/assets/meshes/RIGHT_ANKLE_A.STL",
  "mesh_sha256": "351c68c81211de8ff1bb0dbeea7e933335ec3a1a9035446f48829c4029a42d5f",
  "nudged_levels": [
    -0.027999992370605468
  ],
  "output_mesh_bytes": 221284,
  "output_mesh_path": "/Users/shawwalters/eliza-workspace/milady/eliza/packages/robot/cad/asimov-feminine/output/stl/RIGHT_ANKLE_A.STL",
  "output_mesh_sha256": "71c496512fdc956d094f79f51c46f206eba1fbe414dfefd4bec225f1d9663bf7",
  "rings": [
    {
      "control_count": 64,
      "level": -0.027999992370605468,
      "level_nudge_m": 1e-07,
      "loop_index": 0,
      "loop_perimeter_m": 0.11253228507944497,
      "max_error_m": 6.598053249032342e-05,
      "ok": true,
      "point_count": 96,
      "rank": 64,
      "rms_error_m": 2.2688020117397027e-05,
      "sampled_level": -0.02799989237060547
    },
    {
      "control_count": 64,
      "level": -0.01799999237060547,
      "level_nudge_m": 0.0,
      "loop_index": 0,
      "loop_perimeter_m": 0.09518487915966903,
      "max_error_m": 1.900193947649527e-05,
      "ok": true,
      "point_count": 96,
      "rank": 64,
      "rms_error_m": 5.841684024035781e-06,
      "sampled_level": -0.01799999237060547
    },
    {
      "control_count": 64,
      "level": -0.00799999237060547,
      "level_nudge_m": 0.0,
      "loop_index": 0,
      "loop_perimeter_m": 0.1305596635724478,
      "max_error_m": 0.00038375608736357565,
      "ok": true,
      "point_count": 96,
      "rank": 64,
      "rms_error_m": 0.00010693761361599747,
      "sampled_level": -0.00799999237060547
    },
    {
      "control_count": 64,
      "level": 0.0020000076293945276,
      "level_nudge_m": 0.0,
      "loop_index": 0,
      "loop_perimeter_m": 0.16538924818672993,
      "max_error_m": 0.00041075684189123606,
      "ok": true,
      "point_count": 96,
      "rank": 64,
      "rms_error_m": 0.0001440948641589378,
      "sampled_level": 0.0020000076293945276
    },
    {
      "control_count": 64,
      "level": 0.012000007629394526,
      "level_nudge_m": 0.0,
      "loop_index": 0,
      "loop_perimeter_m": 0.11212801249022031,
      "max_error_m": 1.604648668404023e-05,
      "ok": true,
      "point_count": 96,
      "rank": 64,
      "rms_error_m": 4.453807056960845e-06,
      "sampled_level": 0.012000007629394526
    }
  ],
  "schema": "asimov-1-spline-fit-proof-v1",
  "section_method": "plane_loops",
  "skipped_levels": [],
  "slab_m": 0.004,
  "source_topology": {
    "boundary_edges": 0,
    "degenerate_faces": 0,
    "largest_manifold_component_faces": 4424,
    "manifold_component_count": 1,
    "nonmanifold_edges": 0,
    "ok": true,
    "triangle_count": 4424,
    "unique_vertex_count": 2214,
    "watertight": true
  },
  "step_m": 0.01,
  "summary": {
    "failure_reasons": [],
    "fitted_span_m": 0.039999999999999994,
    "interfaces_checked": 2,
    "interfaces_ok": 2,
    "internal_rings_skipped": 0,
    "levels_checked": 5,
    "max_error_m": 0.00041075684189123606,
    "max_interface_bbox_delta_m": 0.00012583844363689423,
    "max_interface_centroid_delta_m": 2.1813243410245443e-06,
    "max_interface_radius_delta_m": 0.00014629762127885138,
    "max_rms_error_m": 0.0001440948641589378,
    "min_section_span_ratio": 0.3333333333333333,
    "nudged_levels": 1,
    "ok": true,
    "output_boundary_edges": 0,
    "output_largest_manifold_component_faces": 4424,
    "output_manifold_component_count": 1,
    "output_nonmanifold_edges": 0,
    "output_watertight": true,
    "rings_fit": 5,
    "rings_skipped": 0,
    "sampled_span_m": 0.039999999999999994,
    "section_coverage_ok": true,
    "section_span_ratio": 1.0,
    "source_boundary_edges": 0,
    "source_largest_manifold_component_faces": 4424,
    "source_manifold_component_count": 1,
    "source_nonmanifold_edges": 0,
    "source_watertight": true,
    "surface_symmetric_chamfer_rms_m": 0.0004908229416749156,
    "surface_symmetric_hausdorff_m": 0.001793405843583505
  },
  "surface_distance": {
    "ok": true,
    "output_sample_count": 5000,
    "output_to_source_max_m": 0.0017848721980630831,
    "output_to_source_rms_m": 0.00048171113452971697,
    "source_sample_count": 5000,
    "source_to_output_max_m": 0.001793405843583505,
    "source_to_output_rms_m": 0.0004997686494958724,
    "symmetric_chamfer_rms_m": 0.0004908229416749156,
    "symmetric_hausdorff_m": 0.001793405843583505
  },
  "tolerances": {
    "interface_tolerance_m": 0.003,
    "max_error_m": 0.006,
    "min_loop_perimeter_m": 0.005,
    "rms_error_m": 0.002,
    "section_nudge_m": 1e-07,
    "surface_distance_tolerance_m": 0.02,
    "topology_merge_tolerance_m": 1e-06
  },
  "topology": {
    "boundary_edges": 0,
    "degenerate_faces": 0,
    "largest_manifold_component_faces": 4424,
    "manifold_component_count": 1,
    "nonmanifold_edges": 0,
    "ok": true,
    "triangle_count": 4424,
    "unique_vertex_count": 2214,
    "watertight": true
  }
}
