{
  "angular_samples": 96,
  "axis": "z",
  "control_count": 64,
  "fit_policy": {
    "control_sample_ratio": 0.6666666666666666,
    "max_control_sample_ratio": 0.6666666666666666,
    "overfit_guard": "control_count <= floor(angular_samples * 2 / 3)"
  },
  "interfaces": [
    {
      "bbox_delta_m": 0.0007660649716854095,
      "centroid_delta_m": 0.00012040446536744153,
      "level": 0.0,
      "ok": true,
      "output_point_count": 3205,
      "radius_delta_m": 0.0007421828049302241,
      "source_point_count": 3205
    }
  ],
  "internal_skipped_levels": [],
  "link": "RIGHT_WRIST_YAW",
  "mesh_bytes": 160384,
  "mesh_path": "/Users/shawwalters/eliza-workspace/milady/eliza/packages/robot/vendor/asimov-1/sim-model/assets/meshes/RIGHT_WRIST_YAW.STL",
  "mesh_sha256": "f71c5a4e4b762bd141477ac6b46af9598300630ce923f67f6c02bf98d4a67586",
  "nudged_levels": [],
  "output_mesh_bytes": 160384,
  "output_mesh_path": "/Users/shawwalters/eliza-workspace/milady/eliza/packages/robot/cad/asimov-feminine/output/stl/RIGHT_WRIST_YAW.STL",
  "output_mesh_sha256": "f3c47eecffcedf67e861aca4972a50deac978af57a7c6089e3afd46ae5b1616f",
  "rings": [
    {
      "control_count": 64,
      "level": -0.018400044068694114,
      "level_nudge_m": 0.0,
      "loop_index": 0,
      "loop_perimeter_m": 0.07734510367331844,
      "max_error_m": 8.292104779657982e-05,
      "ok": true,
      "point_count": 96,
      "rank": 64,
      "rms_error_m": 2.3909086412596938e-05,
      "sampled_level": -0.018400044068694114
    },
    {
      "control_count": 64,
      "level": -0.018400044068694114,
      "level_nudge_m": 0.0,
      "loop_index": 1,
      "loop_perimeter_m": 0.013089315914769037,
      "max_error_m": 5.040315317520426e-06,
      "ok": true,
      "point_count": 96,
      "rank": 64,
      "rms_error_m": 1.9399693914843606e-06,
      "sampled_level": -0.018400044068694114
    },
    {
      "control_count": 64,
      "level": -0.008400044068694114,
      "level_nudge_m": 0.0,
      "loop_index": 0,
      "loop_perimeter_m": 0.07996629123395838,
      "max_error_m": 9.572403746699298e-05,
      "ok": true,
      "point_count": 96,
      "rank": 64,
      "rms_error_m": 3.393785542022742e-05,
      "sampled_level": -0.008400044068694114
    },
    {
      "control_count": 64,
      "level": -0.008400044068694114,
      "level_nudge_m": 0.0,
      "loop_index": 1,
      "loop_perimeter_m": 0.06367446825631229,
      "max_error_m": 5.468810635313982e-05,
      "ok": true,
      "point_count": 96,
      "rank": 64,
      "rms_error_m": 1.674194982231634e-05,
      "sampled_level": -0.008400044068694114
    },
    {
      "control_count": 64,
      "level": -0.008400044068694114,
      "level_nudge_m": 0.0,
      "loop_index": 2,
      "loop_perimeter_m": 0.015119902056692832,
      "max_error_m": 1.4796954811651742e-05,
      "ok": true,
      "point_count": 96,
      "rank": 64,
      "rms_error_m": 2.963650622993025e-06,
      "sampled_level": -0.008400044068694114
    },
    {
      "control_count": 64,
      "level": 0.0015999559313058867,
      "level_nudge_m": 0.0,
      "loop_index": 0,
      "loop_perimeter_m": 0.1734276560720635,
      "max_error_m": 0.0004063611106987886,
      "ok": true,
      "point_count": 96,
      "rank": 64,
      "rms_error_m": 0.00010457628585168051,
      "sampled_level": 0.0015999559313058867
    },
    {
      "control_count": 64,
      "level": 0.0015999559313058867,
      "level_nudge_m": 0.0,
      "loop_index": 1,
      "loop_perimeter_m": 0.015389887609965939,
      "max_error_m": 5.6253466409075254e-06,
      "ok": true,
      "point_count": 96,
      "rank": 64,
      "rms_error_m": 2.292514413774079e-06,
      "sampled_level": 0.0015999559313058867
    },
    {
      "control_count": 64,
      "level": 0.011599955931305887,
      "level_nudge_m": 0.0,
      "loop_index": 0,
      "loop_perimeter_m": 0.07223065327631649,
      "max_error_m": 0.00013601670164177827,
      "ok": true,
      "point_count": 96,
      "rank": 64,
      "rms_error_m": 3.196723637742088e-05,
      "sampled_level": 0.011599955931305887
    }
  ],
  "schema": "asimov-1-spline-fit-proof-v1",
  "section_method": "plane_loops",
  "skipped_levels": [],
  "slab_m": 0.004,
  "source_topology": {
    "boundary_edges": 0,
    "degenerate_faces": 0,
    "largest_manifold_component_faces": 3206,
    "manifold_component_count": 1,
    "nonmanifold_edges": 0,
    "ok": true,
    "triangle_count": 3206,
    "unique_vertex_count": 1585,
    "watertight": true
  },
  "step_m": 0.01,
  "summary": {
    "failure_reasons": [],
    "fitted_span_m": 0.03,
    "interfaces_checked": 1,
    "interfaces_ok": 1,
    "internal_rings_skipped": 0,
    "levels_checked": 4,
    "max_error_m": 0.0004063611106987886,
    "max_interface_bbox_delta_m": 0.0007660649716854095,
    "max_interface_centroid_delta_m": 0.00012040446536744153,
    "max_interface_radius_delta_m": 0.0007421828049302241,
    "max_rms_error_m": 0.00010457628585168051,
    "min_section_span_ratio": 0.3333333333333333,
    "nudged_levels": 0,
    "ok": true,
    "output_boundary_edges": 0,
    "output_largest_manifold_component_faces": 3206,
    "output_manifold_component_count": 1,
    "output_nonmanifold_edges": 0,
    "output_watertight": true,
    "rings_fit": 8,
    "rings_skipped": 0,
    "sampled_span_m": 0.03,
    "section_coverage_ok": true,
    "section_span_ratio": 1.0,
    "source_boundary_edges": 0,
    "source_largest_manifold_component_faces": 3206,
    "source_manifold_component_count": 1,
    "source_nonmanifold_edges": 0,
    "source_watertight": true,
    "surface_symmetric_chamfer_rms_m": 0.001106313599873831,
    "surface_symmetric_hausdorff_m": 0.0041684361677753745
  },
  "surface_distance": {
    "ok": true,
    "output_sample_count": 5000,
    "output_to_source_max_m": 0.0036591743379036376,
    "output_to_source_rms_m": 0.001030783239546542,
    "source_sample_count": 5000,
    "source_to_output_max_m": 0.0041684361677753745,
    "source_to_output_rms_m": 0.0011770069989602975,
    "symmetric_chamfer_rms_m": 0.001106313599873831,
    "symmetric_hausdorff_m": 0.0041684361677753745
  },
  "tolerances": {
    "interface_tolerance_m": 0.003,
    "max_error_m": 0.006,
    "min_loop_perimeter_m": 0.005,
    "rms_error_m": 0.002,
    "section_nudge_m": 1e-07,
    "surface_distance_tolerance_m": 0.02,
    "topology_merge_tolerance_m": 1e-06
  },
  "topology": {
    "boundary_edges": 0,
    "degenerate_faces": 0,
    "largest_manifold_component_faces": 3206,
    "manifold_component_count": 1,
    "nonmanifold_edges": 0,
    "ok": true,
    "triangle_count": 3206,
    "unique_vertex_count": 1585,
    "watertight": true
  }
}
