{
  "angular_samples": 96,
  "axis": "z",
  "control_count": 64,
  "fit_policy": {
    "control_sample_ratio": 0.6666666666666666,
    "max_control_sample_ratio": 0.6666666666666666,
    "overfit_guard": "control_count <= floor(angular_samples * 2 / 3)"
  },
  "interfaces": [
    {
      "bbox_delta_m": 3.457162529230118e-05,
      "centroid_delta_m": 1.1157434399045872e-06,
      "level": -0.052,
      "ok": true,
      "output_point_count": 3132,
      "radius_delta_m": 6.404425498504618e-05,
      "source_point_count": 3132
    },
    {
      "bbox_delta_m": 3.055296838283539e-05,
      "centroid_delta_m": 4.379946381918205e-06,
      "level": 0.0,
      "ok": true,
      "output_point_count": 3369,
      "radius_delta_m": 7.119326990500524e-06,
      "source_point_count": 3369
    }
  ],
  "internal_skipped_levels": [],
  "link": "RIGHT_HIP_ROLL",
  "mesh_bytes": 344284,
  "mesh_path": "/Users/shawwalters/eliza-workspace/milady/eliza/packages/robot/vendor/asimov-1/sim-model/assets/meshes/RIGHT_HIP_ROLL.STL",
  "mesh_sha256": "c4b84b8450d8e2830217f69b22999d10795c15fd72a7f99382fd1abcccda65b1",
  "nudged_levels": [],
  "output_mesh_bytes": 344284,
  "output_mesh_path": "/Users/shawwalters/eliza-workspace/milady/eliza/packages/robot/cad/asimov-feminine/output/stl/RIGHT_HIP_ROLL.STL",
  "output_mesh_sha256": "7123866f4144486825205a09213a482b23f134af9f8a77e7781d812e05850d03",
  "rings": [
    {
      "control_count": 64,
      "level": -0.052000000029802325,
      "level_nudge_m": 0.0,
      "loop_index": 0,
      "loop_perimeter_m": 0.17058676450578106,
      "max_error_m": 8.482842588897729e-05,
      "ok": true,
      "point_count": 96,
      "rank": 64,
      "rms_error_m": 1.944800165638423e-05,
      "sampled_level": -0.052000000029802325
    },
    {
      "control_count": 64,
      "level": -0.052000000029802325,
      "level_nudge_m": 0.0,
      "loop_index": 1,
      "loop_perimeter_m": 0.024846631380213716,
      "max_error_m": 1.58760573266333e-05,
      "ok": true,
      "point_count": 96,
      "rank": 64,
      "rms_error_m": 7.877110975094548e-06,
      "sampled_level": -0.052000000029802325
    },
    {
      "control_count": 64,
      "level": -0.052000000029802325,
      "level_nudge_m": 0.0,
      "loop_index": 2,
      "loop_perimeter_m": 0.013355064343659635,
      "max_error_m": 8.53333512422686e-06,
      "ok": true,
      "point_count": 96,
      "rank": 64,
      "rms_error_m": 4.233914727883955e-06,
      "sampled_level": -0.052000000029802325
    },
    {
      "control_count": 64,
      "level": -0.052000000029802325,
      "level_nudge_m": 0.0,
      "loop_index": 3,
      "loop_perimeter_m": 0.013355062174263015,
      "max_error_m": 8.53335692998669e-06,
      "ok": true,
      "point_count": 96,
      "rank": 64,
      "rms_error_m": 4.233905463171384e-06,
      "sampled_level": -0.052000000029802325
    },
    {
      "control_count": 64,
      "level": -0.052000000029802325,
      "level_nudge_m": 0.0,
      "loop_index": 4,
      "loop_perimeter_m": 0.013355062174263015,
      "max_error_m": 8.533365926970294e-06,
      "ok": true,
      "point_count": 96,
      "rank": 64,
      "rms_error_m": 4.2339051159366146e-06,
      "sampled_level": -0.052000000029802325
    },
    {
      "control_count": 64,
      "level": -0.052000000029802325,
      "level_nudge_m": 0.0,
      "loop_index": 5,
      "loop_perimeter_m": 0.013355062174263016,
      "max_error_m": 8.533345628818883e-06,
      "ok": true,
      "point_count": 96,
      "rank": 64,
      "rms_error_m": 4.233905725625129e-06,
      "sampled_level": -0.052000000029802325
    },
    {
      "control_count": 64,
      "level": -0.052000000029802325,
      "level_nudge_m": 0.0,
      "loop_index": 6,
      "loop_perimeter_m": 0.013355062174263016,
      "max_error_m": 8.533356958220497e-06,
      "ok": true,
      "point_count": 96,
      "rank": 64,
      "rms_error_m": 4.23390607285701e-06,
      "sampled_level": -0.052000000029802325
    },
    {
      "control_count": 64,
      "level": -0.04200000002980232,
      "level_nudge_m": 0.0,
      "loop_index": 0,
      "loop_perimeter_m": 0.18032704237142494,
      "max_error_m": 0.00044621323516334566,
      "ok": true,
      "point_count": 96,
      "rank": 64,
      "rms_error_m": 0.00014278349348151038,
      "sampled_level": -0.04200000002980232
    },
    {
      "control_count": 64,
      "level": -0.03200000002980232,
      "level_nudge_m": 0.0,
      "loop_index": 0,
      "loop_perimeter_m": 0.10918795163359578,
      "max_error_m": 7.464697271195689e-06,
      "ok": true,
      "point_count": 96,
      "rank": 64,
      "rms_error_m": 2.304223393786249e-06,
      "sampled_level": -0.03200000002980232
    },
    {
      "control_count": 64,
      "level": -0.03200000002980232,
      "level_nudge_m": 0.0,
      "loop_index": 1,
      "loop_perimeter_m": 0.02583113117382615,
      "max_error_m": 3.782730716471519e-05,
      "ok": true,
      "point_count": 96,
      "rank": 64,
      "rms_error_m": 9.304526020994125e-06,
      "sampled_level": -0.03200000002980232
    },
    {
      "control_count": 64,
      "level": -0.02200000002980232,
      "level_nudge_m": 0.0,
      "loop_index": 0,
      "loop_perimeter_m": 0.11819880124978917,
      "max_error_m": 0.0001838754320471112,
      "ok": true,
      "point_count": 96,
      "rank": 64,
      "rms_error_m": 3.715792373600855e-05,
      "sampled_level": -0.02200000002980232
    },
    {
      "control_count": 64,
      "level": -0.012000000029802317,
      "level_nudge_m": 0.0,
      "loop_index": 0,
      "loop_perimeter_m": 0.1283258608530767,
      "max_error_m": 0.00015202888591191107,
      "ok": true,
      "point_count": 96,
      "rank": 64,
      "rms_error_m": 6.255368340414607e-05,
      "sampled_level": -0.012000000029802317
    },
    {
      "control_count": 64,
      "level": -0.002000000029802315,
      "level_nudge_m": 0.0,
      "loop_index": 0,
      "loop_perimeter_m": 0.07074445124606389,
      "max_error_m": 0.00012688717530411953,
      "ok": true,
      "point_count": 96,
      "rank": 64,
      "rms_error_m": 4.043017581273825e-05,
      "sampled_level": -0.002000000029802315
    },
    {
      "control_count": 64,
      "level": -0.002000000029802315,
      "level_nudge_m": 0.0,
      "loop_index": 1,
      "loop_perimeter_m": 0.06687508157368127,
      "max_error_m": 0.0001077788309760758,
      "ok": true,
      "point_count": 96,
      "rank": 64,
      "rms_error_m": 2.8308804585579755e-05,
      "sampled_level": -0.002000000029802315
    },
    {
      "control_count": 64,
      "level": 0.007999999970197687,
      "level_nudge_m": 0.0,
      "loop_index": 0,
      "loop_perimeter_m": 0.07491619485223126,
      "max_error_m": 0.00014953721838078352,
      "ok": true,
      "point_count": 96,
      "rank": 64,
      "rms_error_m": 4.8422816279814715e-05,
      "sampled_level": 0.007999999970197687
    },
    {
      "control_count": 64,
      "level": 0.007999999970197687,
      "level_nudge_m": 0.0,
      "loop_index": 1,
      "loop_perimeter_m": 0.07483411557710522,
      "max_error_m": 0.00012269917091970852,
      "ok": true,
      "point_count": 96,
      "rank": 64,
      "rms_error_m": 3.873684040389598e-05,
      "sampled_level": 0.007999999970197687
    },
    {
      "control_count": 64,
      "level": 0.01799999997019769,
      "level_nudge_m": 0.0,
      "loop_index": 0,
      "loop_perimeter_m": 0.07211889845327411,
      "max_error_m": 4.100147237830562e-05,
      "ok": true,
      "point_count": 96,
      "rank": 64,
      "rms_error_m": 1.0364971524510872e-05,
      "sampled_level": 0.01799999997019769
    }
  ],
  "schema": "asimov-1-spline-fit-proof-v1",
  "section_method": "plane_loops",
  "skipped_levels": [],
  "slab_m": 0.004,
  "source_topology": {
    "boundary_edges": 0,
    "degenerate_faces": 0,
    "largest_manifold_component_faces": 6884,
    "manifold_component_count": 1,