{
  "config": {
    "env_kind": "obstacle_course",
    "n_tasks": 4,
    "n_joints": 6,
    "steps_per_task": 16000,
    "eval_episodes": 10,
    "seeds": 3,
    "gamma": 0.5,
    "actor_step_size": 0.01,
    "critic_step_size": 0.02,
    "actor_lamda": 0.7,
    "critic_lamda": 0.7,
    "log_sigma_init": -1.0,
    "embed_dim": 16,
    "n_prototypes": 192,
    "gate_temperature": 0.1,
    "proprio_random_dim": 64,
    "obstacle_episode_steps": 80,
    "learners": [
      "alberta",
      "ppo"
    ]
  },
  "summary": {
    "alberta": {
      "acc": {
        "mean": 2.1105637620902296,
        "std": 0.1314132860152326
      },
      "bwt": {
        "mean": 0.0,
        "std": 0.0
      },
      "forgetting": {
        "mean": 0.0,
        "std": 0.0
      },
      "fwt": {
        "mean": 0.0,
        "std": 0.0
      }
    },
    "ppo": {
      "acc": {
        "mean": 4.148000696491805,
        "std": 0.5318195431872205
      },
      "bwt": {
        "mean": -2.7721158649528364,
        "std": 1.8684508011202339
      },
      "forgetting": {
        "mean": 2.7992106749268646,
        "std": 1.8309626457329677
      },
      "fwt": {
        "mean": -0.035076810316335964,
        "std": 0.23863504932401228
      }
    }
  },
  "adaptation": {
    "alberta": {
      "mean_new_task_gain": 1.704786537907286,
      "min_new_task_gain": -4.95100463719756,
      "tasks_with_positive_gain": 2.0,
      "task_count": 4.0,
      "mean_final_minus_best": -1.129290150769499,
      "min_final_minus_best": -4.517160603077996,
      "first_task_retention_delta": 0.0,
      "seeds": 3
    },
    "ppo": {
      "mean_new_task_gain": 5.814190304791019,
      "min_new_task_gain": 2.0406231844888505,
      "tasks_with_positive_gain": 4.0,
      "task_count": 4.0,
      "mean_final_minus_best": -2.0994080061951483,
      "min_final_minus_best": -5.218421328624578,
      "first_task_retention_delta": -4.995251798484392,
      "seeds": 3
    }
  },
  "results": [
    {
      "name": "alberta",
      "matrix": [
        [
          -5.1501306348972005,
          0.3339625618426648,
          0.5768913490806767,
          0.4997301150849788
        ],
        [
          -5.1501306348972005,
          -4.613005514671588,
          0.5768913490806767,
          0.4997301150849788
        ],
        [
          -5.1501306348972005,
          -4.613005514671588,
          8.765885561379728,
          0.4997301150849788
        ],
        [
          -5.1501306348972005,
          -4.613005514671588,
          8.765885561379728,
          8.733435573087617
        ]
      ],
      "baseline": [
        0.21252487072345513,
        0.3339625618426648,
        0.5768913490806767,
        0.4997301150849788
      ],
      "metrics": {
        "acc": 1.9340462462246388,
        "bwt": 0.0,
        "forgetting": 0.0,
        "fwt": 0.0,
        "final_per_task": [
          -5.1501306348972005,
          -4.613005514671588,
          8.765885561379728,
          8.733435573087617
        ],
        "diagonal_per_task": [
          -5.1501306348972005,
          -4.613005514671588,
          8.765885561379728,
          8.733435573087617
        ]
      },
      "seed": 1000
    },
    {
      "name": "ppo",
      "matrix": [
        [
          9.112844195176283,
          -0.48556576750831465,
          2.498396426255592,
          1.1879763403623567
        ],
        [
          0.188802753808614,
          10.458938293042731,
          2.118018267243467,
          0.34828690913211996
        ],
        [
          -0.02404356604017801,
          6.89917473197751,
          3.0111480644516697,
          0.3325881536921072
        ],
        [
          -0.024440484461854338,
          6.309575450399899,
          2.6953956618726886,
          6.3549065675653535
        ]
      ],
      "baseline": [
        0.25819447216839486,
        0.3081695943899193,
        0.5488388229378988,
        0.5354517136600577
      ],
      "metrics": {
        "acc": 3.833859298844022,
        "bwt": -4.53413330828665,
        "forgetting": 4.53413330828665,
        "fwt": 0.19086017414646136,
        "final_per_task": [
          -0.024440484461854338,
          6.309575450399899,
          2.6953956618726886,
          6.3549065675653535
        ],
        "diagonal_per_task": [
          9.112844195176283,
          10.458938293042731,
          3.0111480644516697,
          6.3549065675653535
        ]
      },
      "seed": 1000
    },
    {
      "name": "alberta",
      "matrix": [
        [
          -4.46659132386149,
          0.3339625618426648,
          0.5768913490806767,
          0.4997301150849788
        ],
        [
          -4.46659132386149,
          -3.7751391107977996,
          0.5768913490806767,
          0.4997301150849788
        ],
        [
          -4.46659132386149,
          -3.7751391107977996,
          8.659906236513574,
          0.4997301150849788
        ],
        [
          -4.46659132386149,
          -3.7751391107977996,
          8.659906236513574,
          8.578523416320976
        ]
      ],
      "baseline": [
        0.21252487072345513,
        0.3339625618426648,
        0.5768913490806767,
        0.4997301150849788
      ],
      "metrics": {
        "acc": 2.2491748045438156,
        "bwt": 0.0,
        "forgetting": 0.0,
        "fwt": 0.0,
        "final_per_task": [
          -4.46659132386149,
          -3.7751391107977996,
          8.659906236513574,
          8.578523416320976
        ],
        "diagonal_per_task": [
          -4.46659132386149,
          -3.7751391107977996,
          8.659906236513574,
          8.578523416320976
        ]
      },
      "seed": 1001
    },
    {
      "name": "ppo",
      "matrix": [
        [
          8.964767809901828,
          -1.011138142847695,
          0.15248408696491186,
          0.924077941147568
        ],
        [
          9.146861869959675,
          6.633209656363533,
          1.388798994836956,
          0.19329512419660025
        ],
        [
          9.169812270384723,
          6.424402560567421,
          2.1141503460687656,
          -0.03284408612468328
        ],
        [
          9.20862109966808,
          6.257665356777897,
          1.6884950454144576,
          2.4327283661541386
        ]
      ],
      "baseline": [
        0.219696646468661,
        0.33094835626630414,
        0.6039549576836766,
        0.5053630358608057
      ],
      "metrics": {
        "acc": 4.896877467003643,
        "bwt": -0.18578210349123023,
        "forgetting": 0.26706653341331466,
        "fwt": -0.3651498613154029,
        "final_per_task": [
          9.20862109966808,
          6.257665356777897,
          1.6884950454144576,
          2.4327283661541386
        ],
        "diagonal_per_task": [
          8.964767809901828,
          6.633209656363533,
          2.1141503460687656,
          2.4327283661541386
        ]
      },
      "seed": 1001
    },
    {
      "name": "alberta",
      "matrix": [
        [
          -4.598717340663624,
          0.3339625618426648,
          0.5768913490806767,
          0.4997301150849788
        ],
        [
          -4.598717340663624,
          8.480896080955844,
          0.5768913490806767,
          0.4997301150849788
        ],
        [
          -4.598717340663624,
          8.480896080955844,
          -3.9185207109985933,
          0.4997301150849788
        ],
        [
          -4.598717340663624,
          8.480896080955844,
          -3.9185207109985933,
          8.630222912715315
        ]
      ],
      "baseline": [
        0.21252487072345513,
        0.3339625618426648,
        0.5768913490806767,
        0.4997301150849788
      ],
      "metrics": {
        "acc": 2.148470235502235,
        "bwt": 0.0,
        "forgetting": 0.0,
        "fwt": 0.0,